pathway,collection,n_hit_in_set,n_set,n_hit,n_background,odds_ratio,p_value,hit_genes,padj,draw,covariate,direction,n_sig_hits,label
HALLMARK_EPITHELIAL_MESENCHYMAL_TRANSITION,Hallmark,47,210,1197,7481,1.5346364076557666,0.008759849952798654,ANPEP;BGN;CXCL12;ECM1;ENO2;FBLN1;FBLN5;GPX7;IGFBP2;IL15;LRP1;MATN2;MMP14;NID2;PCOLCE2;PTX3;PVR;RHOB;SERPINE1;SFRP1;TGFBR3;THY1;TIMP1;TIMP3;TNC,0.9999992590998258,AV_Delta,hyperglycemia,down,773,AV_Delta · Hyperglycemia / Normoglycemia · higher in neg
HALLMARK_TNFA_SIGNALING_VIA_NFKB,Hallmark,33,153,1197,7481,1.4561863460270068,0.04077502403981413,B4GALT1;CSF1;CXCL11;CXCL2;EIF1;ETS2;G0S2;IFIT2;IL15RA;MCL1;NFKBIE;PDLIM5;PTX3;RCAN1;RHOB;RIPK2;SERPINE1;TNC;TNIP1;TRAF1,0.9999992590998258,AV_Delta,hyperglycemia,down,773,AV_Delta · Hyperglycemia / Normoglycemia · higher in neg
KEGG_HYPERTROPHIC_CARDIOMYOPATHY_HCM,KEGG,10,38,702,7481,3.483268103933686,0.0020634249214946227,DAG1;IL6;ITGA11;ITGA5;TGFB1;TGFB3,0.15151877502145378,AV_Delta,hyperglycemia,up,365,AV_Delta · Hyperglycemia / Normoglycemia · higher in pos
KEGG_INTESTINAL_IMMUNE_NETWORK_FOR_IGA_PRODUCTION,KEGG,10,39,702,7481,3.3626934995857334,0.002546534033974013,CD40LG;CD80;IL4;IL6;TGFB1,0.15151877502145378,AV_Delta,hyperglycemia,up,365,AV_Delta · Hyperglycemia / Normoglycemia · higher in pos
HALLMARK_HEME_METABOLISM,Hallmark,18,98,702,7481,2.2032230481507367,0.004001238567847214,ATG4A;BLVRA;BPGM;BSG;CA1;CAT;EPB41;FN3K;GCLM;GMPS;HBB;KAT2B;KEL;MAP2K3;MOSPD1;SNCA;UBAC1,0.15871579652460616,AV_Delta,hyperglycemia,up,365,AV_Delta · Hyperglycemia / Normoglycemia · higher in pos
KEGG_DILATED_CARDIOMYOPATHY,KEGG,8,37,702,7481,2.6825706155330207,0.019204765473838706,DAG1;ITGA11;ITGA5;TGFB1;TGFB3,0.5201031928123913,AV_Delta,hyperglycemia,up,365,AV_Delta · Hyperglycemia / Normoglycemia · higher in pos
KEGG_ASTHMA,KEGG,5,18,702,7481,3.7323882883318458,0.021853075328251734,CD40LG;IL13;IL4,0.5201031928123913,AV_Delta,hyperglycemia,up,365,AV_Delta · Hyperglycemia / Normoglycemia · higher in pos
KEGG_PENTOSE_PHOSPHATE_PATHWAY,KEGG,5,20,702,7481,3.234015725917991,0.03383425262615854,PGD;PRPS1;PRPS2;RPE;RPIA,0.6039001697478183,AV_Delta,hyperglycemia,up,365,AV_Delta · Hyperglycemia / Normoglycemia · higher in pos
KEGG_GRAFT_VERSUS_HOST_DISEASE,KEGG,7,34,702,7481,2.5182860395999356,0.03552353939693049,CD80;IL6;KIR2DL2;KIR3DL2;KLRC1,0.6039001697478183,AV_Delta,hyperglycemia,up,365,AV_Delta · Hyperglycemia / Normoglycemia · higher in pos
KEGG_AUTOIMMUNE_THYROID_DISEASE,KEGG,8,43,702,7481,2.2208274208311396,0.043977071684663374,CD40LG;CD80;IFNA4;IFNA7;IL4,0.6541589413093677,AV_Delta,hyperglycemia,up,365,AV_Delta · Hyperglycemia / Normoglycemia · higher in pos
KEGG_SPLICEOSOME,KEGG,30,65,1588,7481,3.2220472995290947,5.841107671195622e-6,BUD31;DHX38;DHX8;EIF4A3;HNRNPA1;HNRNPC;HSPA1A;HSPA2;LSM3;NCBP1;NCBP2;PQBP1;PRPF18;PRPF6;RBM17;SNRPD3;SNRPE;SNU13;SYF2;THOC1,0.0010689227038287988,AV_Delta,hypothermia,down,1183,AV_Delta · Hypothermia / Normothermia · higher in neg
HALLMARK_PROTEIN_SECRETION,Hallmark,21,59,1588,7481,2.064697070569862,0.0076553592121450164,ADAM10;AP2B1;ARF1;BNIP3;CAV2;CLN5;GNAS;GOSR2;ICA1;NAPA;NAPG;PPT1;RAB2A;SNAP23;TMED2;TMX1;TOM1L1;YIPF6,0.4979246707224437,AV_Delta,hypothermia,down,1183,AV_Delta · Hypothermia / Normothermia · higher in neg
KEGG_UBIQUITIN_MEDIATED_PROTEOLYSIS,KEGG,25,74,1588,7481,1.9073502422216584,0.00816269952004006,BIRC2;BIRC3;PIAS3;PIAS4;PPIL2;PRKN;SKP1;SMURF1;SMURF2;SOCS3;STUB1;UBA2;UBA3;UBE2A;UBE2D1;UBE2D2;UBE2D3;UBE2F;UBE2H;UBE2L6;VHL;WWP2,0.4979246707224437,AV_Delta,hypothermia,down,1183,AV_Delta · Hypothermia / Normothermia · higher in neg
KEGG_BASAL_TRANSCRIPTION_FACTORS,KEGG,5,10,1588,7481,3.71887886764665,0.041491267544615865,GTF2A2;GTF2B;GTF2E1;GTF2E2;TBP,0.999992636288959,AV_Delta,hypothermia,down,1183,AV_Delta · Hypothermia / Normothermia · higher in neg
KEGG_CYTOKINE_CYTOKINE_RECEPTOR_INTERACTION,KEGG,114,324,1502,7481,2.256007846880483,6.383371176362776e-11,AMH;BMP7;CCL1;CCL11;CCL15;CCL16;CCL22;CCL23;CCL28;CCL3;CCL7;CCL8;CNTFR;CSF1R;CSF3;CXCL12;CXCL13;EPO;FAS;FLT1;FLT4;IFNA8;IFNAR1;IFNGR1;IFNGR2;IFNL3;IL11RA;IL12B;IL13RA1;IL15;IL15RA;IL17RA;IL17RB;IL18R1;IL19;IL1R1;IL1R2;IL2;IL20RB;IL22RA2;IL2RB;IL3RA;IL4R;IL9;INHBA;INHBB;INHBC;LEP;LIFR;MET;NGFR;PRL;RELT;TGFB1;TNFRSF10B;TNFRSF11B;TNFRSF12A;TNFRSF17;TNFRSF18;TNFRSF19;TNFRSF1A;TNFRSF1B;TNFRSF21;TNFSF13B;TNFSF15;VEGFA;VEGFD,1.0596396152762208e-8,AV_Delta,hypothermia,up,1025,AV_Delta · Hypothermia / Normothermia · higher in pos
HALLMARK_EPITHELIAL_MESENCHYMAL_TRANSITION,Hallmark,80,210,1502,7481,2.5308581723896717,7.525092824035423e-10,BGN;BMP1;CADM1;CD59;CDH11;CDH6;COL3A1;CXCL12;DKK1;EDIL3;ENO2;FAS;FMOD;FSTL3;FZD8;GAS1;GPC1;IL15;INHBA;LAMC2;MATN3;MFAP5;MMP1;NNMT;NT5E;NTM;PDLIM4;PLAUR;PLOD2;POSTN;SERPINE1;SFRP1;SFRP4;SLIT2;TFPI2;TGFB1;THBS2;TIMP1;TIMP3;TNC;TNFRSF11B;TNFRSF12A;VCAM1;VEGFA,6.245827043949402e-8,AV_Delta,hypothermia,up,1025,AV_Delta · Hypothermia / Normothermia · higher in pos
KEGG_AXON_GUIDANCE,KEGG,55,127,1502,7481,3.1175875137659648,1.7259243163560289e-9,CXCL12;DCC;EFNA1;EFNA2;EFNA4;EFNA5;EFNB2;EPHA1;EPHA2;EPHA3;EPHA4;EPHA6;EPHB1;EPHB2;EPHB4;EPHB6;L1CAM;MET;NTN1;NTN4;PLXNA1;PLXNB2;PLXNC1;RHOD;ROBO1;ROBO2;SEMA4C;SEMA5A;SEMA5B;SEMA6A;SEMA6B;SEMA6C;SEMA7A;SLIT2;UNC5B;UNC5D,9.55011455050336e-8,AV_Delta,hypothermia,up,1025,AV_Delta · Hypothermia / Normothermia · higher in pos
HALLMARK_ALLOGRAFT_REJECTION,Hallmark,63,192,1502,7481,1.9852552538499102,1.805576506690907e-5,ACHE;B2M;CCL11;CCL22;CCL7;CD2;CD28;CD79A;CD86;CD8A;CRTAM;CTSS;CXCL13;FAS;FCGR2B;GBP2;GZMA;ICOSLG;IFNGR1;IFNGR2;IL12B;IL15;IL2;IL27RA;IL2RB;IL4R;IL9;INHBA;INHBB;KRT1;LY75;NCR1;RIPK2;SIT1;ST8SIA4;TGFB1;TIMP1;TLR3,7.493142502767264e-4,AV_Delta,hypothermia,up,1025,AV_Delta · Hypothermia / Normothermia · higher in pos
HALLMARK_IL6_JAK_STAT3_SIGNALING,Hallmark,39,106,1502,7481,2.3519015534560395,4.4086242332288375e-5,CCL7;CNTFR;CXCL13;EBI3;FAS;IFNAR1;IFNGR1;IFNGR2;IL13RA1;IL15RA;IL17RA;IL17RB;IL18R1;IL1R1;IL1R2;IL3RA;IL4R;TGFB1;TNFRSF12A;TNFRSF1A;TNFRSF1B;TNFRSF21,0.0014636632454319743,AV_Delta,hypothermia,up,1025,AV_Delta · Hypothermia / Normothermia · higher in pos
KEGG_INTESTINAL_IMMUNE_NETWORK_FOR_IGA_PRODUCTION,KEGG,19,39,1502,7481,3.8163785067984723,5.5335016538446866e-5,CCL28;CD28;CD86;CXCL12;HLA-DQA2;ICOSLG;IL15;IL15RA;IL2;TGFB1;TNFRSF17;TNFSF13B,0.0015309354575636968,AV_Delta,hypothermia,up,1025,AV_Delta · Hypothermia / Normothermia · higher in pos
KEGG_CELL_ADHESION_MOLECULES_CAMS,KEGG,38,107,1502,7481,2.222938160302608,1.3180522585763327e-4,ALCAM;CADM1;CD2;CD274;CD28;CD86;CD8A;CNTN1;CTLA4;ESAM;HLA-C;HLA-DQA2;ICAM2;ICOSLG;L1CAM;MAG;MPZ;NCAM1;NCAM2;NLGN2;NLGN3;NRXN3;SELPLG;SIGLEC1;SPN;VCAM1,0.003125666784623875,AV_Delta,hypothermia,up,1025,AV_Delta · Hypothermia / Normothermia · higher in pos
HALLMARK_INFLAMMATORY_RESPONSE,Hallmark,51,158,1502,7481,1.9287912960308986,1.7663489478463956e-4,CCL22;CCL7;CD48;CD82;CSF3;EBI3;F3;FZD5;GPC3;ICOSLG;IFNAR1;IFNGR2;IL12B;IL15;IL15RA;IL18R1;IL1R1;IL2RB;IL4R;INHBA;MET;MSR1;PLAUR;RIPK2;SERPINE1;SLAMF1;TIMP1;TLR3;TNFAIP6;TNFRSF1B;TNFSF15,0.003665174066781271,AV_Delta,hypothermia,up,1025,AV_Delta · Hypothermia / Normothermia · higher in pos
HALLMARK_APICAL_JUNCTION,Hallmark,48,151,1502,7481,1.8830437032757463,4.030089666493156e-4,ACTN2;ADAM23;AMH;AMIGO1;AMIGO2;BMP1;CADM2;CD209;CD274;CD86;CDH11;CDH6;CNTN1;CTNNA1;ICAM2;ICAM5;JUP;LAMC2;MDK;NECTIN4;NLGN2;NLGN3;PARVA;SIRPA;SLIT2;TJP1;TNFRSF11B;VASP;VCAM1;YWHAH,0.007433276495976265,AV_Delta,hypothermia,up,1025,AV_Delta · Hypothermia / Normothermia · higher in pos
KEGG_ECM_RECEPTOR_INTERACTION,KEGG,22,62,1502,7481,2.2067955975040974,0.003318246401379308,AGRN;CHAD;COL11A2;COL3A1;DAG1;IBSP;LAMC2;RELN;THBS2;THBS4;TNC;TNXB,0.05508289026289651,AV_Delta,hypothermia,up,1025,AV_Delta · Hypothermia / Normothermia · higher in pos
HALLMARK_ANGIOGENESIS,Hallmark,15,41,1502,7481,2.3093204721610077,0.010391877165018494,COL3A1;JAG1;POSTN;PRG2;TIMP1;TNFRSF21;VEGFA,0.1568228735811882,AV_Delta,hypothermia,up,1025,AV_Delta · Hypothermia / Normothermia · higher in pos
KEGG_P53_SIGNALING_PATHWAY,KEGG,15,42,1502,7481,2.2234436834017064,0.01323527097830201,CD82;CHEK2;FAS;RRM2;SERPINE1;SFN;TNFRSF10B;TP53,0.18308791519984446,AV_Delta,hypothermia,up,1025,AV_Delta · Hypothermia / Normothermia · higher in pos
KEGG_METABOLISM_OF_XENOBIOTICS_BY_CYTOCHROME_P450,KEGG,14,39,1502,7481,2.2404716127534137,0.01565836155098092,ADH1A;ADH1B;ADH4;ADH7;AKR1C4;CYP2C19;GSTA1;GSTA2;GSTP1;UGT1A1;UGT1A6;UGT2B15,0.19234977380473495,AV_Delta,hypothermia,up,1025,AV_Delta · Hypothermia / Normothermia · higher in pos
KEGG_CARDIAC_MUSCLE_CONTRACTION,KEGG,10,25,1502,7481,2.6645620254466342,0.01762527928768306,ATP1B2;ATP1B4;CACNA2D3;CACNB4;COX5B;COX6C;COX7A2L;MYL3;TNNI3,0.19234977380473495,AV_Delta,hypothermia,up,1025,AV_Delta · Hypothermia / Normothermia · higher in pos
KEGG_STARCH_AND_SUCROSE_METABOLISM,KEGG,10,25,1502,7481,2.6645620254466342,0.01762527928768306,AMY2A;AMY2B;GAA;GPI;UGDH;UGT1A1;UGT1A6;UGT2B15;UXS1,0.19234977380473495,AV_Delta,hypothermia,up,1025,AV_Delta · Hypothermia / Normothermia · higher in pos
KEGG_DRUG_METABOLISM_CYTOCHROME_P450,KEGG,13,36,1502,7481,2.2605792123184587,0.01853973723419132,ADH1A;ADH1B;ADH4;ADH7;CYP2C19;GSTA1;GSTA2;GSTP1;UGT1A1;UGT1A6;UGT2B15,0.19234977380473495,AV_Delta,hypothermia,up,1025,AV_Delta · Hypothermia / Normothermia · higher in pos
KEGG_TYPE_I_DIABETES_MELLITUS,KEGG,12,33,1502,7481,2.284646198539442,0.021969961809686342,CD28;CD86;FAS;HLA-C;HLA-DQA2;IL12B;IL2;INS,0.2145302153181137,AV_Delta,hypothermia,up,1025,AV_Delta · Hypothermia / Normothermia · higher in pos
KEGG_ALLOGRAFT_REJECTION,KEGG,11,30,1502,7481,2.3139227068489268,0.026058216753006253,CD28;CD86;FAS;HLA-C;HLA-DQA2;IL12B;IL2,0.22610067784743668,AV_Delta,hypothermia,up,1025,AV_Delta · Hypothermia / Normothermia · higher in pos
KEGG_RETINOL_METABOLISM,KEGG,9,23,1502,7481,2.5680053847471425,0.027788144310067733,ADH1A;ADH1B;ADH4;ADH7;ALDH1A2;CYP2C19;UGT1A1;UGT1A6;UGT2B15,0.22610067784743668,AV_Delta,hypothermia,up,1025,AV_Delta · Hypothermia / Normothermia · higher in pos
HALLMARK_HEDGEHOG_SIGNALING,Hallmark,12,34,1502,7481,2.180469040205108,0.02792229619394148,ACHE;CNTFR;L1CAM;NRP2;SHH;VEGFA,0.22610067784743668,AV_Delta,hypothermia,up,1025,AV_Delta · Hypothermia / Normothermia · higher in pos
HALLMARK_COMPLEMENT,Hallmark,51,198,1502,7481,1.3943812294456281,0.029254730730737057,ACTN2;C1QC;C1R;C3;CASP4;CD59;CR2;CSRP1;CTSH;CTSO;CTSS;F3;FCN1;GZMA;HSPA1A;MMP12;MMP13;MMP8;PCSK9;PHEX;PLAT;PLAUR;PSMB9;SERPINA1;SERPINB2;SERPINE1;SPOCK2;TFPI2;TIMP1,0.22610067784743668,AV_Delta,hypothermia,up,1025,AV_Delta · Hypothermia / Normothermia · higher in pos
KEGG_ANTIGEN_PROCESSING_AND_PRESENTATION,KEGG,23,78,1502,7481,1.6748531773907018,0.029965150076166305,B2M;CD8A;CREB1;CTSS;HLA-C;HLA-DQA2;HSPA1A;HSPA1B;HSPA1L;IFNA8;KIR2DL3;KLRC3,0.22610067784743668,AV_Delta,hypothermia,up,1025,AV_Delta · Hypothermia / Normothermia · higher in pos
KEGG_PRION_DISEASES,KEGG,13,39,1502,7481,1.9988584364987283,0.03612965860053017,C1QC;HSPA1A;NCAM1;NCAM2,0.2607618838125221,AV_Delta,hypothermia,up,1025,AV_Delta · Hypothermia / Normothermia · higher in pos
KEGG_ARRHYTHMOGENIC_RIGHT_VENTRICULAR_CARDIOMYOPATHY_ARVC,KEGG,11,32,1502,7481,2.0929304189829545,0.041792446269303,ACTN2;CACNA2D3;CACNB4;CTNNA1;DAG1;DSG2;JUP,0.2890644200293458,AV_Delta,hypothermia,up,1025,AV_Delta · Hypothermia / Normothermia · higher in pos
KEGG_PENTOSE_AND_GLUCURONATE_INTERCONVERSIONS,KEGG,6,14,1502,7481,2.99286710623462,0.044452340905371444,AKR1B1;UGDH;UGT1A1;UGT1A6;UGT2B15,0.29516354361166636,AV_Delta,hypothermia,up,1025,AV_Delta · Hypothermia / Normothermia · higher in pos
KEGG_COMPLEMENT_AND_COAGULATION_CASCADES,KEGG,22,77,1502,7481,1.6009645845771088,0.04626449052555776,C1QC;C1R;C3;CD59;CR2;F3;MASP1;PLAT;PLAUR;PROC;SERPINA1;SERPINE1,0.2953809779708688,AV_Delta,hypothermia,up,1025,AV_Delta · Hypothermia / Normothermia · higher in pos
HALLMARK_MYC_TARGETS_V1,Hallmark,44,125,1128,7481,3.142327520339642,1.6025386283086137e-8,ACP1;APEX1;CBX3;CDK2;COPS5;EEF1B2;EIF2S1;EIF2S2;EIF3B;EIF3J;EIF4A1;ERH;H2AZ1;HDAC2;HDGF;HNRNPA1;HNRNPA2B1;HNRNPD;HNRNPR;HSP90AB1;HSPD1;KPNB1;PCNA;PPIA;PRDX3;PSMA1;PSMA6;RACK1;RPS3;RPS5;RRM1;SNRPA;SNRPA1;SNRPB2;SNRPG;SRPK1;TRA2B;UBE2L3;XRCC6,2.467909487595265e-6,AV_Delta,male,down,747,AV_Delta · Male / Female · higher in neg
KEGG_RIBOSOME,KEGG,12,18,1128,7481,11.368445290676105,1.003149453239484e-6,RPL26L1;RPL30;RPL5;RPS12;RPS19;RPS20;RPS25;RPS3;RPS3A;RPS4X;RPS5;RPS7,7.724250789944027e-5,AV_Delta,male,down,747,AV_Delta · Male / Female · higher in neg
KEGG_ENDOCYTOSIS,KEGG,38,125,1128,7481,2.5104764223224785,9.195121270538783e-6,AP2B1;ARRB1;CBL;CDC42;CHMP1B;CHMP2A;CHMP2B;CHMP3;CHMP4A;DNM2;EHD1;EHD3;EPN1;FGFR3;GRK2;IL2RG;NTRK1;PDCD6IP;PRKCI;PRKCZ;RAB11B;RAB31;RAB5A;RABEP1;RNF41;SH3GL2;SH3GL3;SH3GLB2;SH3KBP1;SNF8;SRC;TSG101;USP8;VPS25,4.720162252209909e-4,AV_Delta,male,down,747,AV_Delta · Male / Female · higher in neg
KEGG_BASE_EXCISION_REPAIR,KEGG,11,20,1128,7481,6.938703538662227,3.9389047370922626e-5,APEX1;HMGB1;MBD4;MPG;NEIL1;OGG1;PARP1;PCNA;POLB,0.0015164783237805212,AV_Delta,male,down,747,AV_Delta · Male / Female · higher in neg
HALLMARK_PI3K_AKT_MTOR_SIGNALING,Hallmark,27,87,1128,7481,2.571609431782844,1.2038891663668901e-4,CAB39;CDK2;CDKN1B;DUSP3;FGF6;GRK2;IL2RG;IL4;IRAK4;LCK;MAP2K3;MAPK1;MAPK10;MAPK9;PFN1;PTEN;RAC1;RPS6KA3;SMAD2;TBK1;YWHAB,0.003622445584263171,AV_Delta,male,down,747,AV_Delta · Male / Female · higher in neg
KEGG_COLORECTAL_CANCER,KEGG,19,53,1128,7481,3.1834406461297147,1.4963370794443193e-4,AKT2;BAD;BCL2;CASP3;MAPK1;MAPK10;MAPK9;RAC1;RAC2;RHOA;SMAD2;TGFB1;TGFB3,0.003622445584263171,AV_Delta,male,down,747,AV_Delta · Male / Female · higher in neg
KEGG_MAPK_SIGNALING_PATHWAY,KEGG,48,191,1128,7481,1.9299578025271371,1.6465661746650778e-4,AKT2;ARRB1;BDNF;CASP3;CDC42;CRKL;DUSP3;FGF12;FGF16;FGF5;FGF6;FGF7;FGF8;FGFR3;MAP2K3;MAPK1;MAPK10;MAPK14;MAPK9;MAPKAPK3;MAPKAPK5;MAX;NTRK1;PDGFA;PLA2G10;PLA2G4A;PLA2G5;RAC1;RAC2;RPS6KA3;RPS6KA6;STMN1;TGFB1;TGFB3,0.003622445584263171,AV_Delta,male,down,747,AV_Delta · Male / Female · higher in neg
KEGG_EPITHELIAL_CELL_SIGNALING_IN_HELICOBACTER_PYLORI_INFECTION,KEGG,17,47,1128,7481,3.224339655822546,2.922792111847971e-4,ATP6V1C1;ATP6V1C2;CASP3;CCL5;CDC42;CXCL1;JAM3;MAPK10;MAPK14;MAPK9;PLCG2;RAC1;SRC,0.005626374815307344,AV_Delta,male,down,747,AV_Delta · Male / Female · higher in neg
KEGG_FC_EPSILON_RI_SIGNALING_PATHWAY,KEGG,22,70,1128,7481,2.612327937382237,4.1135559303451437e-4,AKT2;IL4;INPP5D;MAP2K3;MAPK1;MAPK10;MAPK14;MAPK9;PDPK1;PLA2G10;PLA2G4A;PLA2G5;PLCG2;RAC1;RAC2;SYK;VAV1,0.007038751258590579,AV_Delta,male,down,747,AV_Delta · Male / Female · higher in neg
KEGG_PANCREATIC_CANCER,KEGG,20,62,1128,7481,2.711631449275293,5.100161125264162e-4,AKT2;BAD;CDC42;MAPK1;MAPK10;MAPK9;RAC1;RAC2;SMAD2;STAT1;TGFB1;TGFB3;VEGFC,0.007163476057161396,AV_Delta,male,down,747,AV_Delta · Male / Female · higher in neg
KEGG_NEUROTROPHIN_SIGNALING_PATHWAY,KEGG,28,99,1128,7481,2.2518761900985758,5.116768612258139e-4,AKT2;ARHGDIB;BAD;BCL2;BDNF;CDC42;CRKL;IRAK4;MAPK1;MAPK10;MAPK14;MAPK9;NTRK1;PDPK1;PLCG2;RAC1;RHOA;RPS6KA3;RPS6KA6;SHC1;YWHAB;YWHAZ,0.007163476057161396,AV_Delta,male,down,747,AV_Delta · Male / Female · higher in neg
KEGG_FC_GAMMA_R_MEDIATED_PHAGOCYTOSIS,KEGG,20,67,1128,7481,2.4216101523827276,0.001519852383573789,AKT2;ARPC1B;CDC42;CRKL;DNM2;INPP5D;MAPK1;NCF1;PLA2G4A;PLCG2;RAC1;RAC2;RPS6KB1;SPHK1;SYK;VAV1,0.019504772255863626,AV_Delta,male,down,747,AV_Delta · Male / Female · higher in neg
KEGG_CHEMOKINE_SIGNALING_PATHWAY,KEGG,34,137,1128,7481,1.8855624256545174,0.0017815100725592544,AKT2;ARRB1;CCL13;CCL20;CCL27;CCL5;CDC42;CRKL;CXCL1;CXCL14;FGR;GRK2;GSK3A;MAPK1;NCF1;PF4;PPBP;PRKCZ;PTK2B;RAC1;RAC2;RHOA;SHC1;STAT1;TIAM2;VAV1,0.021104042398009632,AV_Delta,male,down,747,AV_Delta · Male / Female · higher in neg
KEGG_PATHWAYS_IN_CANCER,KEGG,56,259,1128,7481,1.5824856772004932,0.0026544243528805523,AKT2;BAD;BCL2;CASP3;CBL;CDC42;CDK2;CDKN1B;CRKL;CTBP1;DAPK1;EGLN1;EGLN2;FGF12;FGF16;FGF5;FGF6;FGF7;FGF8;FGFR3;HDAC2;HSP90AA1;HSP90AB1;MAPK1;MAPK10;MAPK9;MAX;MITF;NTRK1;PDGFA;PLCG2;PML;PTEN;RAC1;RAC2;RHOA;SMAD2;SPI1;STAT1;TGFB1;TGFB3;VEGFC,0.029198667881686076,AV_Delta,male,down,747,AV_Delta · Male / Female · higher in neg
KEGG_REGULATION_OF_ACTIN_CYTOSKELETON,KEGG,33,137,1128,7481,1.8106515459540078,0.0034520816349454756,ACTN1;ARHGEF1;ARPC1B;CDC42;CRKL;DIAPH1;EZR;FGF12;FGF16;FGF5;FGF6;FGF7;FGF8;FGFR3;ITGB7;MAPK1;PAK6;PDGFA;PFN1;PIP4K2A;RAC1;RAC2;RDX;RHOA;TIAM2;VAV1,0.03334950925084902,AV_Delta,male,down,747,AV_Delta · Male / Female · higher in neg
KEGG_ERBB_SIGNALING_PATHWAY,KEGG,23,86,1128,7481,2.0779176521899543,0.003464884078010288,ABL2;AKT2;AREG;BAD;CBL;CDKN1B;CRKL;MAPK1;MAPK10;MAPK9;PAK6;PLCG2;RPS6KB1;SHC1;SRC,0.03334950925084902,AV_Delta,male,down,747,AV_Delta · Male / Female · higher in neg
KEGG_INSULIN_SIGNALING_PATHWAY,KEGG,22,84,1128,7481,2.0181626206576846,0.005508168903334871,AKT2;BAD;CBL;CRKL;HK2;INPP5D;MAPK1;MAPK10;MAPK9;PDPK1;PRKCI;PRKCZ;PYGL;RHOQ;RPS6KB1;SHC1,0.049897530065504125,AV_Delta,male,down,747,AV_Delta · Male / Female · higher in neg
KEGG_PROGESTERONE_MEDIATED_OOCYTE_MATURATION,KEGG,15,51,1128,7481,2.3645039085865474,0.006609585096571409,AKT2;ANAPC10;CDK2;HSP90AA1;HSP90AB1;MAPK1;MAPK10;MAPK14;MAPK9;PGR;RPS6KA3;RPS6KA6,0.056548672492888724,AV_Delta,male,down,747,AV_Delta · Male / Female · higher in neg
KEGG_CELL_CYCLE,KEGG,18,68,1128,7481,2.044014087581086,0.010193543813594151,ANAPC10;CDK2;CDKN1B;CHEK2;HDAC2;PCNA;SMAD2;SMC3;TGFB1;TGFB3;YWHAB;YWHAZ,0.08262135512071049,AV_Delta,male,down,747,AV_Delta · Male / Female · higher in neg
KEGG_MELANOMA,KEGG,19,74,1128,7481,1.9617005294529744,0.01182321093780887,AKT2;BAD;FGF12;FGF16;FGF5;FGF6;FGF7;FGF8;MAPK1;MITF;PDGFA;PTEN,0.0910387242211283,AV_Delta,male,down,747,AV_Delta · Male / Female · higher in neg
KEGG_CHRONIC_MYELOID_LEUKEMIA,KEGG,15,56,1128,7481,2.0745910940272467,0.016259060106606597,AKT2;BAD;CBL;CDKN1B;CRKL;CTBP1;HDAC2;MAPK1;SHC1;TGFB1;TGFB3,0.11405109751430469,AV_Delta,male,down,747,AV_Delta · Male / Female · higher in neg
KEGG_VEGF_SIGNALING_PATHWAY,KEGG,16,61,1128,7481,2.0167659098291066,0.016293013930614955,AKT2;BAD;CDC42;MAPK1;MAPK14;MAPKAPK3;PLA2G10;PLA2G4A;PLA2G5;PLCG2;RAC1;RAC2;SPHK1;SRC,0.11405109751430469,AV_Delta,male,down,747,AV_Delta · Male / Female · higher in neg
KEGG_PROTEASOME,KEGG,9,28,1128,7481,2.6806470717211375,0.01809055563764084,IFNG;PSMA1;PSMA6;PSMB4;PSMB5;PSMD4;PSME2,0.12112806818246477,AV_Delta,male,down,747,AV_Delta · Male / Female · higher in neg
KEGG_TYPE_II_DIABETES_MELLITUS,KEGG,8,25,1128,7481,2.6616186542021754,0.025989649336520496,HK2;MAPK1;MAPK10;MAPK9;PKM;PRKCZ,0.1667669165760065,AV_Delta,male,down,747,AV_Delta · Male / Female · higher in neg
HALLMARK_G2M_CHECKPOINT,Hallmark,20,86,1128,7481,1.7192982961116183,0.02870448561158388,CBX1;CDKN1B;DR1;EWSR1;H2AZ1;H2BC12;HMGB3;HNRNPD;KIF23;KPNB1;MAPK14;PML;PURA;STMN1;TGFB1;TMPO;TOP1;TRA2B,0.1723591519769166,AV_Delta,male,down,747,AV_Delta · Male / Female · higher in neg
KEGG_SPLICEOSOME,KEGG,16,65,1128,7481,1.8509084474518467,0.029099597087011892,DDX39B;HNRNPA1;HNRNPM;MAGOH;MAGOHB;PPIE;PPIH;PRPF18;SF3B6;SMNDC1;SNRPA;SNRPA1;SNRPB2;SNRPG;TRA2B,0.1723591519769166,AV_Delta,male,down,747,AV_Delta · Male / Female · higher in neg
KEGG_MTOR_SIGNALING_PATHWAY,KEGG,11,40,1128,7481,2.1472348922352915,0.030591664861187137,AKT2;CAB39;MAPK1;PDPK1;RPS6KA3;RPS6KA6;RPS6KB1;VEGFC,0.17448579217121551,AV_Delta,male,down,747,AV_Delta · Male / Female · higher in neg
KEGG_TGF_BETA_SIGNALING_PATHWAY,KEGG,19,82,1128,7481,1.7103853580766242,0.03358407232977796,ACVRL1;BMPR2;DCN;IFNG;MAPK1;RHOA;RPS6KB1;SMAD1;SMAD2;TGFB1;TGFB3;THBS1,0.1847123978137788,AV_Delta,male,down,747,AV_Delta · Male / Female · higher in neg
KEGG_GNRH_SIGNALING_PATHWAY,KEGG,15,62,1128,7481,1.8080480932149352,0.03908601475107853,CDC42;MAP2K3;MAPK1;MAPK10;MAPK14;MAPK9;PLA2G10;PLA2G4A;PLA2G5;PTK2B;SRC,0.20756021626434806,AV_Delta,male,down,747,AV_Delta · Male / Female · higher in neg
KEGG_VIBRIO_CHOLERAE_INFECTION,KEGG,6,18,1128,7481,2.8252335761209797,0.042645245356022,ATP6V1C1;ATP6V1C2;PDIA4;PLCG2,0.21891225949424628,AV_Delta,male,down,747,AV_Delta · Male / Female · higher in neg
KEGG_ANTIGEN_PROCESSING_AND_PRESENTATION,KEGG,19,78,1100,7481,1.8830812071657184,0.01606540769359816,CD74;HSPA1A;HSPA1L;IFNA10;IFNA21;KIR2DL5A;KIR3DL3,0.8626842090457293,AV_Delta,male,up,709,AV_Delta · Male / Female · higher in pos
KEGG_AUTOIMMUNE_THYROID_DISEASE,KEGG,12,43,1100,7481,2.2589319620044424,0.018200532296544322,FAS;FASLG;IFNA10;IFNA21;IL2;IL5;TSHR,0.8626842090457293,AV_Delta,male,up,709,AV_Delta · Male / Female · higher in pos
KEGG_PRION_DISEASES,KEGG,11,39,1100,7481,2.291515872633751,0.02152354903881999,HSPA1A;IL1A;NCAM2,0.8626842090457293,AV_Delta,male,up,709,AV_Delta · Male / Female · higher in pos
HALLMARK_P53_PATHWAY,Hallmark,25,118,1100,7481,1.5722780309407622,0.03500875470182904,BAIAP2;CD81;DDIT3;FAS;IL1A;KLK8;KRT17;NDRG1;PMM1;POLH;RGS16;SERPINB5;SERTAD3;SLC3A2;TCN2;TNFSF9;TRAF4,0.8626842090457293,AV_Delta,male,up,709,AV_Delta · Male / Female · higher in pos
KEGG_MAPK_SIGNALING_PATHWAY,KEGG,37,191,1100,7481,1.4073548034062489,0.044425295702554296,DDIT3;DUSP10;DUSP16;EGF;FAS;FASLG;FGF1;FGF2;FGF9;FGFR2;HSPA1A;HSPA1L;IL1A;MAPK11;MAPK9;PDGFRA;PLA2G12B;PLA2G2D;PLA2G2E;PTPRR;RELB;TGFBR1,0.8626842090457293,AV_Delta,male,up,709,AV_Delta · Male / Female · higher in pos
KEGG_HEDGEHOG_SIGNALING_PATHWAY,KEGG,13,33,867,7481,5.0170979439562355,3.859850512569117e-5,BMP4;BMP5;BMP6;BMP7;GAS1;IHH;SHH;WNT10B;WNT16;WNT5B,0.005095002676591235,AV_Delta,obese,down,494,AV_Delta · Obese / Non-obese · higher in neg
KEGG_AXON_GUIDANCE,KEGG,27,127,867,7481,2.093525474511748,0.0011768877996293273,CXCL12;DCC;EFNA2;EFNA5;EFNB2;EFNB3;EPHA6;EPHB1;EPHB3;EPHB4;LRRC4C;ROBO2;SEMA3C;SEMA5B;SEMA6C;SLIT2;UNC5D,0.07062105313871231,AV_Delta,obese,down,494,AV_Delta · Obese / Non-obese · higher in neg
KEGG_STEROID_HORMONE_BIOSYNTHESIS,KEGG,8,21,867,7481,4.727451245002651,0.0016050239349707344,AKR1C2;AKR1C3;AKR1D1;HSD11B1;SULT1E1;UGT1A8;UGT2B15,0.07062105313871231,AV_Delta,obese,down,494,AV_Delta · Obese / Non-obese · higher in neg
KEGG_BASAL_CELL_CARCINOMA,KEGG,10,33,867,7481,3.3427280333040654,0.003157833692405479,BMP4;FZD5;SHH;TP53;WNT10B;WNT16;WNT5B,0.1042085118493808,AV_Delta,obese,down,494,AV_Delta · Obese / Non-obese · higher in neg
KEGG_ARACHIDONIC_ACID_METABOLISM,KEGG,9,30,867,7481,3.292210695631401,0.005415722026034941,AKR1C3;ALOX15B;CBR3;CYP2C19;EPHX2;HPGDS;PLA2G12A;PLA2G2E,0.14297506148732245,AV_Delta,obese,down,494,AV_Delta · Obese / Non-obese · higher in neg
KEGG_NEUROACTIVE_LIGAND_RECEPTOR_INTERACTION,KEGG,12,53,867,7481,2.2497372093353225,0.016151978410092863,GH2;GLP1R;GRID2;GZMA;HTR6;LEP;PRL;TSHR,0.35534352502204297,AV_Delta,obese,down,494,AV_Delta · Obese / Non-obese · higher in neg
KEGG_METABOLISM_OF_XENOBIOTICS_BY_CYTOCHROME_P450,KEGG,9,39,867,7481,2.301749011364483,0.031107744341249823,ADH1A;AKR1C2;AKR1C3;ALDH3A1;CYP2C19;GSTA2;GSTM3;UGT1A8;UGT2B15,0.5853581532129257,AV_Delta,obese,down,494,AV_Delta · Obese / Non-obese · higher in neg
KEGG_HISTIDINE_METABOLISM,KEGG,5,17,867,7481,3.190372930942328,0.03895091248586394,ACY3;ALDH3A1;ASPA;HNMT;METTL2B,0.5853581532129257,AV_Delta,obese,down,494,AV_Delta · Obese / Non-obese · higher in neg
KEGG_ADIPOCYTOKINE_SIGNALING_PATHWAY,KEGG,10,47,867,7481,2.0739254886121734,0.03991078317360857,CD36;LEP;MAPK9;POMC;PPARA,0.5853581532129257,AV_Delta,obese,down,494,AV_Delta · Obese / Non-obese · higher in neg
KEGG_GLYCINE_SERINE_AND_THREONINE_METABOLISM,KEGG,5,18,867,7481,2.94468454613069,0.04895504395896513,CTH;DAO;GATM;PIPOX;PSPH,0.6462065802583398,AV_Delta,obese,down,494,AV_Delta · Obese / Non-obese · higher in neg
KEGG_SPLICEOSOME,KEGG,18,65,738,7481,3.560731596481101,3.649018166352345e-5,HNRNPA1;HSPA1A;MAGOH;MAGOHB;NCBP1;PPIE;RBM17;SNRPA1;SNRPB2,0.004415311981286338,AV_Delta,obese,up,404,AV_Delta · Obese / Non-obese · higher in pos
KEGG_PENTOSE_PHOSPHATE_PATHWAY,KEGG,7,20,738,7481,4.9555453753735,0.0021699042073033987,ALDOA;G6PD;PGD;PGLS;PRPS1;RPE;RPIA,0.13127920454185563,AV_Delta,obese,up,404,AV_Delta · Obese / Non-obese · higher in pos
KEGG_PRION_DISEASES,KEGG,10,39,738,7481,3.1795946302215765,0.003679344595047894,HSPA1A;STIP1,0.14840023200026506,AV_Delta,obese,up,404,AV_Delta · Obese / Non-obese · higher in pos
HALLMARK_MYC_TARGETS_V1,Hallmark,21,125,738,7481,1.8694018184501635,0.010229991303498255,EEF1B2;EIF2S2;HDGF;HNRNPA1;HNRNPA2B1;HPRT1;HSP90AB1;IMPDH2;NCBP1;PSMA1;PSMA6;SNRPA1;SNRPB2;SRPK1;SSB;UBE2L3;YWHAQ,0.3094572369308222,AV_Delta,obese,up,404,AV_Delta · Obese / Non-obese · higher in pos
KEGG_PANTOTHENATE_AND_COA_BIOSYNTHESIS,KEGG,4,11,738,7481,5.241981854708752,0.017612690609705686,COASY;PANK3;VNN2,0.41875101735641235,AV_Delta,obese,up,404,AV_Delta · Obese / Non-obese · higher in pos
KEGG_MAPK_SIGNALING_PATHWAY,KEGG,28,191,738,7481,1.591853266275304,0.02076451325734276,CDC42;CRKL;FGF6;FGF7;FGF8;HRAS;HSPA1A;MAP2K3;MAPK10;MAPK14;MAPKAPK5;RAC1;RPS6KA1;STMN1,0.41875101735641235,AV_Delta,obese,up,404,AV_Delta · Obese / Non-obese · higher in pos
HALLMARK_REACTIVE_OXYGEN_SPECIES_PATHWAY,Hallmark,7,31,738,7481,2.6803476985118704,0.028340003968144116,G6PD;GCLM;LSP1;MPO;OXSR1;SELENOS;TXNRD1,0.48987721144934826,AV_Delta,obese,up,404,AV_Delta · Obese / Non-obese · higher in pos
KEGG_GLYCOLYSIS_GLUCONEOGENESIS,KEGG,10,54,738,7481,2.0910770668536163,0.036174903475833096,AKR1A1;ALDH3B1;ALDOA;BPGM;ENO1;GAPDH;HK2;LDHB;PKM;TPI1,0.4949299424926793,AV_Delta,obese,up,404,AV_Delta · Obese / Non-obese · higher in pos
KEGG_ENDOCYTOSIS,KEGG,19,125,738,7481,1.6544482959019302,0.03681297092920755,AP2B1;CDC42;CHMP2A;CHMP4A;EHD1;EHD4;HRAS;HSPA1A;IL2RG;PDCD6IP;SMURF1,0.4949299424926793,AV_Delta,obese,up,404,AV_Delta · Obese / Non-obese · higher in pos
KEGG_ANTIGEN_PROCESSING_AND_PRESENTATION,KEGG,15,78,553,7481,3.037431187778291,4.943380439764794e-4,HSPA1A;HSPA1B;HSPA6;KLRC3;RFX5,0.034965784686487436,Arterial,hyperglycemia,down,221,Arterial · Hyperglycemia / Normoglycemia · higher in neg
KEGG_SPLICEOSOME,KEGG,13,65,553,7481,3.182533041655121,7.857479704828637e-4,HSPA1A;HSPA1B;HSPA6;SF3B4,0.034965784686487436,Arterial,hyperglycemia,down,221,Arterial · Hyperglycemia / Normoglycemia · higher in neg
KEGG_PRION_DISEASES,KEGG,9,39,553,7481,3.8026275557917213,0.0017562290240777127,HSPA1A,0.05210146104763881,Arterial,hyperglycemia,down,221,Arterial · Hyperglycemia / Normoglycemia · higher in neg
KEGG_RNA_DEGRADATION,KEGG,6,22,553,7481,4.736742770289739,0.004256990410961608,DCP1A;DCPS;ENO2;EXOSC8;HSPA9,0.09471803664389578,Arterial,hyperglycemia,down,221,Arterial · Hyperglycemia / Normoglycemia · higher in neg
KEGG_THYROID_CANCER,KEGG,6,24,553,7481,4.209621393293796,0.006767400789678773,CTNNB1;KRAS;TPM3,0.12045973405628216,Arterial,hyperglycemia,down,221,Arterial · Hyperglycemia / Normoglycemia · higher in neg
KEGG_MAPK_SIGNALING_PATHWAY,KEGG,23,191,553,7481,1.7460153220800982,0.013403308235341862,EGF;HSPA1A;HSPA1B;HSPA6;HSPB1;IL1R2;KRAS;PLA2G2E;RASA1;STK4,0.19881573882423761,Arterial,hyperglycemia,down,221,Arterial · Hyperglycemia / Normoglycemia · higher in neg
KEGG_ENDOMETRIAL_CANCER,KEGG,8,47,553,7481,2.5923922949119413,0.020500409095313192,CTNNA1;CTNNB1;EGF;KRAS,0.2606480584975534,Arterial,hyperglycemia,down,221,Arterial · Hyperglycemia / Normoglycemia · higher in neg
KEGG_GAP_JUNCTION,KEGG,7,40,553,7481,2.6781371933277973,0.025545433469144625,EGF;GJD2;GNAI3;KRAS;TJP1,0.2812883958400992,Arterial,hyperglycemia,down,221,Arterial · Hyperglycemia / Normoglycemia · higher in neg
KEGG_ALANINE_ASPARTATE_AND_GLUTAMATE_METABOLISM,KEGG,5,24,553,7481,3.316921860544864,0.028444893961358342,ADSS1;GFPT2;GLUD1;GPT,0.2812883958400992,Arterial,hyperglycemia,down,221,Arterial · Hyperglycemia / Normoglycemia · higher in neg
KEGG_TIGHT_JUNCTION,KEGG,9,62,553,7481,2.145612042160526,0.03723596248355708,CTNNA1;CTNNB1;F11R;GNAI3;KRAS;TJP1,0.331400066103658,Arterial,hyperglycemia,down,221,Arterial · Hyperglycemia / Normoglycemia · higher in neg
KEGG_RENIN_ANGIOTENSIN_SYSTEM,KEGG,3,11,553,7481,4.7163667716675395,0.042385156927720845,ANPEP;MME;THOP1,0.3429344515061051,Arterial,hyperglycemia,down,221,Arterial · Hyperglycemia / Normoglycemia · higher in neg
KEGG_SPLICEOSOME,KEGG,26,65,1318,7481,3.1592998219432813,1.6889500693417747e-5,BUD31;DHX38;EIF4A3;HNRNPA1;HSPA1A;HSPA2;LSM3;NCBP1;NCBP2;PPIE;PRPF18;PRPF6;RBM17;SNRPD2;SNRPD3;SNU13,0.0028881046185744346,Arterial,hypothermia,down,916,Arterial · Hypothermia / Normothermia · higher in neg
KEGG_ALLOGRAFT_REJECTION,KEGG,12,30,1318,7481,3.1361545226203313,0.0032326114144684693,FAS;GZMB;IFNG;IL4;TNF,0.18543979410463093,Arterial,hypothermia,down,916,Arterial · Hypothermia / Normothermia · higher in neg
KEGG_BASAL_TRANSCRIPTION_FACTORS,KEGG,6,10,1318,7481,7.038513002249886,0.003253329721133876,GTF2A2;GTF2B;GTF2E1;GTF2E2;TBP;TBPL1,0.18543979410463093,Arterial,hypothermia,down,916,Arterial · Hypothermia / Normothermia · higher in neg
KEGG_UBIQUITIN_MEDIATED_PROTEOLYSIS,KEGG,22,74,1318,7481,1.9947797891343746,0.007067280383038746,ANAPC7;CUL3;CUL4B;FANCL;PIAS3;PIAS4;PRKN;SKP1;SKP2;SMURF1;SOCS3;UBA3;UBE2A;UBE2D2;UBE2D3;UBE2F;UBE2H;UBE2J1;UBE2L6;UBE2W;UBE2Z,0.27133474019389336,Arterial,hypothermia,down,916,Arterial · Hypothermia / Normothermia · higher in neg
KEGG_TYPE_I_DIABETES_MELLITUS,KEGG,12,33,1318,7481,2.6868995098855453,0.007933764333154776,FAS;GAD1;GZMB;IFNG;LTA;TNF,0.27133474019389336,Arterial,hypothermia,down,916,Arterial · Hypothermia / Normothermia · higher in neg
KEGG_CELL_CYCLE,KEGG,20,68,1318,7481,1.9628385281049097,0.0112729312277335,ANAPC7;BUB1;CCNH;CDK2;CHEK1;CHEK2;MAD2L1;PTTG1;RBL2;SKP1;SKP2;SMAD2;SMAD3;SMAD4;YWHAB;YWHAQ,0.3212785399904048,Arterial,hypothermia,down,916,Arterial · Hypothermia / Normothermia · higher in neg
KEGG_ANTIGEN_PROCESSING_AND_PRESENTATION,KEGG,22,78,1318,7481,1.8510030705249279,0.013543609051071465,CD8B;HSP90AA1;HSP90AB1;HSPA1A;HSPA2;IFNA16;KIR2DL1;KIR2DL4;LTA;PDIA3;PSME1;PSME2,0.33085102110474574,Arterial,hypothermia,down,916,Arterial · Hypothermia / Normothermia · higher in neg
KEGG_ADHERENS_JUNCTION,KEGG,17,60,1318,7481,1.8595262567470539,0.02669912836516296,ACTN1;CDC42;CSNK2A1;CSNK2A2;CTNNA2;NECTIN1;PTPN1;RAC1;RAC3;SMAD2;SMAD3;SMAD4;YES1,0.513769766621603,Arterial,hypothermia,down,916,Arterial · Hypothermia / Normothermia · higher in neg
KEGG_GRAFT_VERSUS_HOST_DISEASE,KEGG,11,34,1318,7481,2.2464665030104625,0.027040514032715946,FAS;GZMB;IFNG;KIR2DL1;TNF,0.513769766621603,Arterial,hypothermia,down,916,Arterial · Hypothermia / Normothermia · higher in neg
KEGG_VASOPRESSIN_REGULATED_WATER_REABSORPTION,KEGG,8,24,1318,7481,2.345844003840207,0.04719476853817998,AQP4;CREB3L1;CREB3L2;DYNLL2;GNAS;NSF;VAMP2,0.8070305420028777,Arterial,hypothermia,down,916,Arterial · Hypothermia / Normothermia · higher in neg
KEGG_AXON_GUIDANCE,KEGG,49,127,1067,7481,3.9091094778751017,7.668222490321871e-12,CXCL12;DCC;EFNA2;EFNA5;EFNB2;EPHA2;EPHA3;EPHA4;EPHA6;EPHA7;EPHB2;EPHB4;EPHB6;L1CAM;LRRC4C;NTN4;PLXNA1;PLXNB2;PLXNC1;ROBO1;ROBO2;SEMA3E;SEMA4B;SEMA4C;SEMA5A;SEMA5B;SEMA6A;SEMA6B;SEMA6D;SEMA7A;SLIT2;UNC5B;UNC5D,9.355231438192683e-10,Arterial,hypothermia,up,640,Arterial · Hypothermia / Normothermia · higher in pos
KEGG_CELL_ADHESION_MOLECULES_CAMS,KEGG,37,107,1067,7481,3.2548631812895197,8.764272054431073e-8,CADM1;CD274;CD28;CD58;CD86;CD8A;CDH1;CNTN1;ICAM2;ICOSLG;L1CAM;MPZ;NCAM1;NCAM2;NLGN1;NLGN2;NLGN3;NRXN1;NRXN3;SELPLG;SIGLEC1;SPN,5.346205953202955e-6,Arterial,hypothermia,up,640,Arterial · Hypothermia / Normothermia · higher in pos
HALLMARK_EPITHELIAL_MESENCHYMAL_TRANSITION,Hallmark,53,210,1067,7481,2.08283431425449,1.4231970069176425e-5,BGN;BMP1;CADM1;CD59;CXCL12;EDIL3;FAS;FBLN1;FBLN5;FMOD;GAS1;GLIPR1;INHBA;MATN3;NT5E;NTM;PDLIM4;PLAUR;POSTN;SFRP4;SLIT2;TGFBI;TNC;TNFRSF11B;TNFRSF12A;VEGFA,5.787667828131746e-4,Arterial,hypothermia,up,640,Arterial · Hypothermia / Normothermia · higher in pos
KEGG_COMPLEMENT_AND_COAGULATION_CASCADES,KEGG,22,77,1067,7481,2.4335130678320525,8.065371046919471e-4,C3;CD59;F13B;F7;KNG1;MASP1;PLAUR;PROC;SERPINA5,0.024599381693104386,Arterial,hypothermia,up,640,Arterial · Hypothermia / Normothermia · higher in pos
KEGG_CYTOKINE_CYTOKINE_RECEPTOR_INTERACTION,KEGG,66,324,1067,7481,1.5731008724102618,0.0013397253834070617,ACVRL1;BMP7;CCL11;CCL15;CCL8;CNTFR;CXCL12;CXCL13;FAS;FLT1;FLT4;IFNA8;IFNAR1;IFNGR2;IFNL3;IL11RA;IL17RB;IL18R1;IL1R1;IL2;IL20RA;IL22RA2;IL2RB;IL4R;INHBA;LIFR;PRL;RELT;TNFRSF10B;TNFRSF11B;TNFRSF12A;TNFRSF19;TNFRSF21;VEGFA;VEGFD,0.032689299355132304,Arterial,hypothermia,up,640,Arterial · Hypothermia / Normothermia · higher in pos
HALLMARK_HEDGEHOG_SIGNALING,Hallmark,12,34,1067,7481,3.304030313217766,0.0017580284568007654,ACHE;CNTFR;L1CAM;NRP2;SHH;VEGFA,0.03574657862161556,Arterial,hypothermia,up,640,Arterial · Hypothermia / Normothermia · higher in pos
HALLMARK_ALLOGRAFT_REJECTION,Hallmark,41,192,1067,7481,1.6573185656500313,0.004444714487495815,ACHE;CCL11;CD247;CD28;CD3E;CD79A;CD86;CD8A;CFP;CRTAM;CTSS;CXCL13;FAS;FCGR2B;GZMA;ICOSLG;IFNGR2;IL2;IL27RA;IL2RB;IL4R;INHBA;LY75;TLR3,0.06870714365645346,Arterial,hypothermia,up,640,Arterial · Hypothermia / Normothermia · higher in pos
KEGG_HEDGEHOG_SIGNALING_PATHWAY,KEGG,11,33,1067,7481,3.0258821443748674,0.004505386469275637,BMP4;BMP5;BMP6;BMP7;GAS1;HHIP;IHH;SHH;WNT5B,0.06870714365645346,Arterial,hypothermia,up,640,Arterial · Hypothermia / Normothermia · higher in pos
KEGG_PRION_DISEASES,KEGG,12,39,1067,7481,2.6903784598969795,0.006348369032499301,HSPA1A;NCAM1;NCAM2,0.08605566910721275,Arterial,hypothermia,up,640,Arterial · Hypothermia / Normothermia · higher in pos
HALLMARK_APICAL_JUNCTION,Hallmark,32,151,1067,7481,1.6353968797171494,0.012421744773493714,ACTN2;ADAM15;ADAM23;AMIGO1;AMIGO2;BMP1;CADM2;CD274;CD86;CDH1;CNTN1;ICAM2;ICAM5;NECTIN4;NLGN2;NLGN3;SLIT2;TGFBI;TNFRSF11B;YWHAH,0.14287340932137313,Arterial,hypothermia,up,640,Arterial · Hypothermia / Normothermia · higher in pos
HALLMARK_IL6_JAK_STAT3_SIGNALING,Hallmark,24,106,1067,7481,1.7766952585596194,0.012882028709304135,ACVRL1;CNTFR;CXCL13;FAS;IFNAR1;IFNGR2;IL17RB;IL18R1;IL1R1;IL4R;TNFRSF12A;TNFRSF21,0.14287340932137313,Arterial,hypothermia,up,640,Arterial · Hypothermia / Normothermia · higher in pos
KEGG_GRAFT_VERSUS_HOST_DISEASE,KEGG,10,34,1067,7481,2.5184846454326824,0.017074239543766905,CD28;CD86;FAS;IL2;KIR2DL5A,0.17045906400913724,Arterial,hypothermia,up,640,Arterial · Hypothermia / Normothermia · higher in pos
KEGG_NATURAL_KILLER_CELL_MEDIATED_CYTOTOXICITY,KEGG,28,133,1067,7481,1.6191200466957059,0.020141601906081327,CD247;CD48;FAS;ICAM2;IFNA8;IFNAR1;IFNGR2;KIR2DL5A;KLRC3;MICA;RAET1G;RAET1L;TNFRSF10B;ULBP2,0.17045906400913724,Arterial,hypothermia,up,640,Arterial · Hypothermia / Normothermia · higher in pos
HALLMARK_APICAL_SURFACE,Hallmark,9,30,1067,7481,2.5891407390208463,0.02035193793112211,ADAM10;EFNA5;EPHB4;GAS1;IL2RB;MDGA1;PLAUR;SCUBE1,0.17045906400913724,Arterial,hypothermia,up,640,Arterial · Hypothermia / Normothermia · higher in pos
KEGG_ANTIGEN_PROCESSING_AND_PRESENTATION,KEGG,18,78,1067,7481,1.8169801227464681,0.02398628053580306,CD8A;CREB1;CTSS;HSPA1A;IFNA8;KIR2DL5A;KLRC3,0.17045906400913724,Arterial,hypothermia,up,640,Arterial · Hypothermia / Normothermia · higher in pos
HALLMARK_PANCREAS_BETA_CELLS,Hallmark,8,26,1067,7481,2.684015449895126,0.024184533570720725,CHGA;IAPP;INS;SCGN;SPCS1;SST,0.17045906400913724,Arterial,hypothermia,up,640,Arterial · Hypothermia / Normothermia · higher in pos
KEGG_PRIMARY_IMMUNODEFICIENCY,KEGG,8,26,1067,7481,2.684015449895126,0.024184533570720725,CD3E;CD79A;CD8A;IGLL1;UNG,0.17045906400913724,Arterial,hypothermia,up,640,Arterial · Hypothermia / Normothermia · higher in pos
HALLMARK_ANGIOGENESIS,Hallmark,11,41,1067,7481,2.2163633837026184,0.025149697968561233,JAG1;POSTN;SERPINA5;TNFRSF21;VEGFA,0.17045906400913724,Arterial,hypothermia,up,640,Arterial · Hypothermia / Normothermia · higher in pos
KEGG_TYPE_I_DIABETES_MELLITUS,KEGG,9,33,1067,7481,2.264563797548082,0.03706723580729944,CD28;CD86;FAS;IL2;INS,0.23801067202581747,Arterial,hypothermia,up,640,Arterial · Hypothermia / Normothermia · higher in pos
KEGG_SYSTEMIC_LUPUS_ERYTHEMATOSUS,KEGG,13,56,1067,7481,1.8272526262021815,0.04818297934264721,ACTN2;C3;CD28;CD86;FCGR2B;H2AC11,0.2904248798905826,Arterial,hypothermia,up,640,Arterial · Hypothermia / Normothermia · higher in pos
KEGG_RIBOSOME,KEGG,11,18,702,7481,15.391726799364823,7.92482131452719e-8,RPL12;RPL26L1;RPL30;RPL5;RPS19;RPS20;RPS25;RPS3;RPS4X;RPS5;RPS7,7.52858024880083e-6,Arterial,male,down,378,Arterial · Male / Female · higher in neg
HALLMARK_MYC_TARGETS_V1,Hallmark,30,125,702,7481,3.140306682606048,9.805872833340113e-7,APEX1;CBX3;CUL1;EIF3B;ERH;H2AZ1;HDAC2;HDGF;HNRNPA1;HNRNPA2B1;HNRNPD;PA2G4;PCNA;PSMA1;PSMA6;PSMA7;RACK1;RPS3;RPS5;RRM1;SNRPA;SNRPA1;SNRPB2;TRA2B;UBE2L3;XRCC6,4.6577895958365535e-5,Arterial,male,down,378,Arterial · Male / Female · higher in neg
KEGG_BASE_EXCISION_REPAIR,KEGG,8,20,702,7481,6.497163996417084,2.6137466646642787e-4,APEX1;HMGB1;MBD4;MPG;PARP1;PCNA,0.00827686443810355,Arterial,male,down,378,Arterial · Male / Female · higher in neg
KEGG_SPLICEOSOME,KEGG,15,65,702,7481,2.9376785480947705,7.943809573340795e-4,DDX39B;HNRNPA1;HNRNPK;MAGOH;MAGOHB;PRPF18;SF3B6;SMNDC1;SNRPA;SNRPA1;SNRPB2;SRSF6;THOC1;TRA2B,0.018866547736684388,Arterial,male,down,378,Arterial · Male / Female · higher in neg
KEGG_INTESTINAL_IMMUNE_NETWORK_FOR_IGA_PRODUCTION,KEGG,9,39,702,7481,2.9209184498443626,0.00866382474394033,CCL27;ICOSLG;IL4;TGFB1;TNFRSF13B,0.16461267013486627,Arterial,male,down,378,Arterial · Male / Female · higher in neg
HALLMARK_G2M_CHECKPOINT,Hallmark,15,86,702,7481,2.062600405961594,0.013155192692388393,CBX1;CCNB2;CUL1;EWSR1;H2AZ1;H2BC12;HNRNPD;JPT1;NCL;PML;TGFB1;TMPO;TRA2B,0.20829055096281623,Arterial,male,down,378,Arterial · Male / Female · higher in neg
KEGG_CELL_CYCLE,KEGG,12,68,702,7481,2.0876184494690944,0.023004396464480215,ANAPC10;CCNB2;CUL1;HDAC2;PCNA;SMC3;TGFB1;TGFB2;TGFB3,0.31220252344651717,Arterial,male,down,378,Arterial · Male / Female · higher in neg
KEGG_CYTOKINE_CYTOKINE_RECEPTOR_INTERACTION,KEGG,40,324,702,7481,1.3817841250886864,0.04204350538966455,ACVRL1;BMPR2;CCL13;CCL20;CCL27;CRLF2;CSF1;CXCL1;CXCL14;EDA2R;GHR;IFNL2;IL12RB1;IL1B;IL22RA1;IL4;IL7R;LEP;TGFB1;TGFB2;TGFB3;TNFRSF10B;TNFRSF13B;TNFRSF8;TNFSF15;TNFSF18;XCL1,0.49926662650226655,Arterial,male,down,378,Arterial · Male / Female · higher in neg
KEGG_P53_SIGNALING_PATHWAY,KEGG,11,42,840,7481,2.82872639974589,0.005415219516424115,ADGRB1;CD82;FAS;SERPINB5;SFN;TNFRSF10B,0.34140393065669294,Arterial,male,up,498,Arterial · Male / Female · higher in pos
KEGG_APOPTOSIS,KEGG,15,67,840,7481,2.303446227334757,0.006381381881433513,CASP10;CSF2RB;EXOG;FAS;IL1A;IL3RA;TNFRSF10B,0.34140393065669294,Arterial,male,up,498,Arterial · Male / Female · higher in pos
KEGG_GLYCOSPHINGOLIPID_BIOSYNTHESIS_GANGLIO_SERIES,KEGG,5,15,840,7481,3.9690397928312464,0.02024167232112224,HEXB;ST3GAL1;ST6GALNAC4;ST6GALNAC6,0.7219529794533598,Arterial,male,up,498,Arterial · Male / Female · higher in pos
HALLMARK_EPITHELIAL_MESENCHYMAL_TRANSITION,Hallmark,41,210,862,7481,1.9058446633416675,4.306235381523907e-4,ANPEP;BGN;BMP1;CADM1;CRLF1;CXCL12;ENO2;FBLN5;FLNA;FMOD;MATN3;MYL9;NID2;PLOD2;SLIT2;TFPI2;TGFB1;THBS2;TIMP1;TNC;TNFAIP3,0.05856480118872513,Arterial,obese,down,482,Arterial · Obese / Non-obese · higher in neg
KEGG_ANTIGEN_PROCESSING_AND_PRESENTATION,KEGG,19,78,862,7481,2.505730607796499,0.0010788062805291957,CD8A;CTSS;HLA-G;HSPA1A;HSPA1B;HSPA5;HSPA6;KLRC3,0.0733588270759853,Arterial,obese,down,482,Arterial · Obese / Non-obese · higher in neg
KEGG_MAPK_SIGNALING_PATHWAY,KEGG,36,191,862,7481,1.8173794368192975,0.001815137989608992,DUSP10;EGF;FGF9;FGFR2;FGFR3;FLNA;HSPA1A;HSPA1B;HSPA6;IL1R2;KRAS;PLA2G1B;PRKCA;RASA1;RRAS;STK4;TGFB1;TGFBR1;TP53,0.08228625552894098,Arterial,obese,down,482,Arterial · Obese / Non-obese · higher in neg
KEGG_PRION_DISEASES,KEGG,11,39,862,7481,3.041971859408363,0.003557343991537272,C1QC;HSPA1A;HSPA5,0.12094969571226726,Arterial,obese,down,482,Arterial · Obese / Non-obese · higher in neg
KEGG_LYSOSOME,KEGG,16,71,862,7481,2.256918629651766,0.005930096753210315,ACP2;CD68;CTSC;CTSH;CTSO;CTSS;MANBA;NAGPA;NEU1;PSAP;SGSH;SMPD1,0.13662056285383084,Arterial,obese,down,482,Arterial · Obese / Non-obese · higher in neg
HALLMARK_APICAL_JUNCTION,Hallmark,28,151,862,7481,1.7729290908066007,0.007012501198848405,ADAM9;ALOX15B;AMH;AMIGO2;BMP1;CD209;CD274;CD86;ICAM5;JUP;MYL12B;MYL9;NECTIN1;RASA1;RRAS;SLIT2;VASP;YWHAH,0.13662056285383084,Arterial,obese,down,482,Arterial · Obese / Non-obese · higher in neg
KEGG_PRIMARY_IMMUNODEFICIENCY,KEGG,8,26,862,7481,3.4347289835044617,0.007031940735123647,BTK;CD3E;CD79A;CD8A,0.13662056285383084,Arterial,obese,down,482,Arterial · Obese / Non-obese · higher in neg
KEGG_INTESTINAL_IMMUNE_NETWORK_FOR_IGA_PRODUCTION,KEGG,10,39,862,7481,2.6666559152590152,0.010980124199001788,CCL28;CD86;CXCL12;TGFB1;TNFSF13B,0.1659218767849159,Arterial,obese,down,482,Arterial · Obese / Non-obese · higher in neg
KEGG_LONG_TERM_DEPRESSION,KEGG,10,39,862,7481,2.6666559152590152,0.010980124199001788,CRH;IGF1;KRAS;LYN;PLA2G1B;PRKCA,0.1659218767849159,Arterial,obese,down,482,Arterial · Obese / Non-obese · higher in neg
KEGG_HEMATOPOIETIC_CELL_LINEAGE,KEGG,18,91,862,7481,1.9123092762908145,0.014633767224571817,ANPEP;CD1B;CD33;CD3E;CD5;CD8A;CSF3;EPO;IL1R2;IL5RA;THPO,0.1990192342541767,Arterial,obese,down,482,Arterial · Obese / Non-obese · higher in neg
KEGG_P53_SIGNALING_PATHWAY,KEGG,10,42,862,7481,2.415580274259811,0.0185146580109506,ADGRB1;CD82;IGF1;SFN;TNFRSF10B;TP53,0.2211937054495211,Arterial,obese,down,482,Arterial · Obese / Non-obese · higher in neg
HALLMARK_ALLOGRAFT_REJECTION,Hallmark,32,192,862,7481,1.556270868694365,0.019517091657310685,AARS1;ACHE;CCL11;CCL19;CCL22;CD3E;CD79A;CD86;CD8A;CSK;CTSS;CXCL13;FLNA;HLA-G;IL27RA;LYN;NCK1;TGFB1;TIMP1,0.2211937054495211,Arterial,obese,down,482,Arterial · Obese / Non-obese · higher in neg
KEGG_ECM_RECEPTOR_INTERACTION,KEGG,13,62,862,7481,2.0528390035109574,0.022364337150146,AGRN;DAG1;THBS2;TNC,0.22441931714914287,Arterial,obese,down,482,Arterial · Obese / Non-obese · higher in neg
KEGG_CHEMOKINE_SIGNALING_PATHWAY,KEGG,24,137,862,7481,1.6487931108957163,0.023101988530058827,CCL11;CCL15;CCL19;CCL22;CCL23;CCL28;CCL8;CSK;CXCL12;CXCL13;CXCL2;KRAS;LYN,0.22441931714914287,Arterial,obese,down,482,Arterial · Obese / Non-obese · higher in neg
KEGG_SPLICEOSOME,KEGG,13,65,862,7481,1.933612852648122,0.03205950891592995,HSPA1A;HSPA1B;HSPA6;U2AF2,0.28867191235917494,Arterial,obese,down,482,Arterial · Obese / Non-obese · higher in neg
KEGG_ALDOSTERONE_REGULATED_SODIUM_REABSORPTION,KEGG,6,22,862,7481,2.8920770485150067,0.03396140145402058,IGF1;KRAS;PRKCA;SFN,0.28867191235917494,Arterial,obese,down,482,Arterial · Obese / Non-obese · higher in neg
KEGG_CYTOKINE_CYTOKINE_RECEPTOR_INTERACTION,KEGG,48,324,862,7481,1.3551331094985983,0.03859051326662877,AMH;BMP7;CCL11;CCL15;CCL19;CCL22;CCL23;CCL28;CCL8;CSF3;CXCL12;CXCL13;CXCL2;EGF;EPO;FLT4;IFNLR1;IL13RA1;IL17RB;IL18R1;IL1R2;IL5RA;TGFB1;TGFBR1;TNFRSF10B;TNFRSF18;TNFSF13B,0.30872410613303014,Arterial,obese,down,482,Arterial · Obese / Non-obese · higher in neg
KEGG_TGF_BETA_SIGNALING_PATHWAY,KEGG,15,82,862,7481,1.7316768488235925,0.0458671690526023,AMH;BMP4;BMP5;BMP6;BMP7;NOG;TGFB1;TGFBR1;THBS2,0.3421823758342787,Arterial,obese,down,482,Arterial · Obese / Non-obese · higher in neg
KEGG_ENDOCYTOSIS,KEGG,21,125,862,7481,1.5641223640402762,0.04780489074155364,ARFGAP2;EGF;ERBB3;FGFR2;FGFR3;HGS;HLA-G;HSPA1A;HSPA1B;HSPA6,0.3421823758342787,Arterial,obese,down,482,Arterial · Obese / Non-obese · higher in neg
KEGG_SPLICEOSOME,KEGG,28,65,1141,7481,4.284549164491373,6.404328727881398e-8,BUD31;DDX23;EIF4A3;HNRNPA1;HSPA1A;LSM4;MAGOH;MAGOHB;NCBP1;NCBP2;PPIE;PPIH;RBM17;SMNDC1;SNRPA;SNRPA1;SNRPB2;SRSF7;TRA2B,1.0503099113725493e-5,Arterial,obese,up,751,Arterial · Obese / Non-obese · higher in pos
HALLMARK_REACTIVE_OXYGEN_SPECIES_PATHWAY,Hallmark,13,31,1141,7481,4.0467586262992965,3.160567217351238e-4,EGLN2;G6PD;GCLM;GLRX;LSP1;MPO;OXSR1;PRDX4;PRNP;PTPA;SELENOS;SOD1;TXNRD1,0.02591665118228015,Arterial,obese,up,751,Arterial · Obese / Non-obese · higher in pos
KEGG_PRION_DISEASES,KEGG,14,39,1141,7481,3.137214989695697,0.0012094306736906491,C6;C7;HSPA1A;PRNP;SOD1,0.06611554349508882,Arterial,obese,up,751,Arterial · Obese / Non-obese · higher in pos
HALLMARK_MYC_TARGETS_V1,Hallmark,32,125,1141,7481,1.9381247433262585,0.0016894239060624644,ACP1;CBX3;CDK2;FBL;GLO1;HDAC2;HDGF;HNRNPA1;HNRNPA2B1;HNRNPD;HPRT1;LDHA;NCBP1;NCBP2;PRDX4;PRPS2;PSMA1;PSMA2;PSMA6;RRM1;SNRPA;SNRPA1;SNRPB2;SRSF7;SSB;TCP1;TRA2B,0.06619524303491377,Arterial,obese,up,751,Arterial · Obese / Non-obese · higher in pos
KEGG_GLYCOLYSIS_GLUCONEOGENESIS,KEGG,17,54,1141,7481,2.5760307618408795,0.002018147653503469,ADH1C;AKR1A1;ALDH1B1;ALDH2;ALDH3B1;BPGM;ENO1;GAPDH;GCK;HK2;LDHA;LDHB;PCK1;PKLR;TPI1,0.06619524303491377,Arterial,obese,up,751,Arterial · Obese / Non-obese · higher in pos
KEGG_INTESTINAL_IMMUNE_NETWORK_FOR_IGA_PRODUCTION,KEGG,13,39,1141,7481,2.7983569096020404,0.003811351299697489,CCL27;HLA-DRB3;ICOSLG;IL15RA;IL4;ITGB7;TGFB1;TNFRSF13B,0.1041769355250647,Arterial,obese,up,751,Arterial · Obese / Non-obese · higher in pos
HALLMARK_HEME_METABOLISM,Hallmark,25,98,1141,7481,1.9230533954602047,0.005427915414876969,ALAD;BACH1;BLVRA;BLVRB;BPGM;CA1;CLIC2;CTSE;DCAF11;EPB41;FN3K;GCLM;HBD;HDGF;MAP2K3;PGLS;PSMD9;SNCA;TCEA1;TOP1;UBAC1;UROS,0.127168304005689,Arterial,obese,up,751,Arterial · Obese / Non-obese · higher in pos
KEGG_ASTHMA,KEGG,7,18,1141,7481,3.55077281282477,0.012822133572498584,HLA-DRB3;IL13;IL4;RNASE3,0.262853738236221,Arterial,obese,up,751,Arterial · Obese / Non-obese · higher in pos
KEGG_PANTOTHENATE_AND_COA_BIOSYNTHESIS,KEGG,5,11,1141,7481,4.645188148465674,0.01695087513504778,COASY;DPYS;PANK3;VNN2,0.30888261357198177,Arterial,obese,up,751,Arterial · Obese / Non-obese · higher in pos
KEGG_PROTEASOME,KEGG,9,28,1141,7481,2.644487367900131,0.019410466225155916,IFNG;PSMA1;PSMA2;PSMA6;PSMB5;PSME1;PSME2,0.318331646092557,Arterial,obese,up,751,Arterial · Obese / Non-obese · higher in pos
KEGG_PENTOSE_PHOSPHATE_PATHWAY,KEGG,7,20,1141,7481,3.003658242179704,0.02371266382219512,G6PD;PGD;PGLS;PRPS1;PRPS2;RPE;RPIA,0.35353426062181814,Arterial,obese,up,751,Arterial · Obese / Non-obese · higher in pos
KEGG_PYRUVATE_METABOLISM,KEGG,10,36,1141,7481,2.146916109345893,0.03849261295726058,ALDH1B1;ALDH2;GLO1;LDHA;LDHB;MDH1;PCK1;PKLR,0.5260657104158946,Arterial,obese,up,751,Arterial · Obese / Non-obese · higher in pos
HALLMARK_IL2_STAT5_SIGNALING,Hallmark,4,133,26,7481,10.315391905046818,0.001053612159148053,SMPDL3A;TNFRSF18,0.003160836477444159,Venous,hyperglycemia,down,20,Venous · Hyperglycemia / Normoglycemia · higher in neg
KEGG_CHEMOKINE_SIGNALING_PATHWAY,KEGG,3,137,26,7481,7.119932635006116,0.011479993233795407,CCL8;SOS1,0.01721998985069311,Venous,hyperglycemia,down,20,Venous · Hyperglycemia / Normoglycemia · higher in neg
KEGG_CYTOKINE_CYTOKINE_RECEPTOR_INTERACTION,KEGG,4,324,26,7481,4.052648010561233,0.024296629269917873,CCL8;TNFRSF18,0.024296629269917873,Venous,hyperglycemia,down,20,Venous · Hyperglycemia / Normoglycemia · higher in neg
HALLMARK_NOTCH_SIGNALING,Hallmark,8,23,731,7481,4.966334483352972,0.001033144145736409,DLL1;FZD7;KAT2A;NOTCH2,0.08885039653333117,Venous,hyperglycemia,up,365,Venous · Hyperglycemia / Normoglycemia · higher in pos
KEGG_AXON_GUIDANCE,KEGG,23,127,731,7481,2.075711055228165,0.0025283954787455576,EFNA1;EFNA2;EFNA4;EFNA5;EFNB1;EFNB2;EPHA7;NTN1;SEMA5B;UNC5B;UNC5C;UNC5D,0.10872100558605897,Venous,hyperglycemia,up,365,Venous · Hyperglycemia / Normoglycemia · higher in pos
KEGG_NOTCH_SIGNALING_PATHWAY,KEGG,7,29,731,7481,2.9560682451907057,0.01904005844371399,DLL1;KAT2A;NOTCH2,0.5458150087198012,Venous,hyperglycemia,up,365,Venous · Hyperglycemia / Normoglycemia · higher in pos
KEGG_CYSTEINE_AND_METHIONINE_METABOLISM,KEGG,5,23,451,7481,4.365645672914529,0.010603753075130474,GOT1;LDHA;MAT1A;MAT2B,0.5170593745744505,Venous,hypothermia,down,155,Venous · Hypothermia / Normothermia · higher in neg
KEGG_BLADDER_CANCER,KEGG,7,46,451,7481,2.825495249009013,0.01915034720646113,ARAF;MDM2;VEGFA,0.5170593745744505,Venous,hypothermia,down,155,Venous · Hypothermia / Normothermia · higher in neg
KEGG_UBIQUITIN_MEDIATED_PROTEOLYSIS,KEGG,9,74,451,7481,2.181538921183151,0.03290495790820724,ANAPC7;CUL4B;KEAP1;MDM2;UBE2J1;UBE2W;UBE2Z,0.5922892423477303,Venous,hypothermia,down,155,Venous · Hypothermia / Normothermia · higher in neg
KEGG_CELL_ADHESION_MOLECULES_CAMS,KEGG,12,107,490,7481,1.8220965499716666,0.04645113816912777,CNTN2;ITGB1;L1CAM;NCAM1;NLGN1;NLGN2;SELPLG,0.9998087858099722,Venous,hypothermia,up,184,Venous · Hypothermia / Normothermia · higher in pos
KEGG_APOPTOSIS,KEGG,7,67,342,7481,2.4648540019993046,0.03247691358379551,CASP10;CHP1;CSF2RB;IL3RA,0.5921120812202412,Venous,male,up,64,Venous · Male / Female · higher in pos
KEGG_B_CELL_RECEPTOR_SIGNALING_PATHWAY,KEGG,9,65,102,7481,12.64178701935113,1.9357017462673207e-7,BTK;GSK3B;KRAS;LYN;PRKCB,8.132887156059304e-6,Venous,obese,down,79,Venous · Obese / Non-obese · higher in neg
KEGG_CHEMOKINE_SIGNALING_PATHWAY,KEGG,12,137,102,7481,7.7322236540726195,2.904602555735466e-7,CCL8;CSK;GSK3B;KRAS;LYN;PRKCB;STAT1,8.132887156059304e-6,Venous,obese,down,79,Venous · Obese / Non-obese · higher in neg
KEGG_PROSTATE_CANCER,KEGG,9,76,102,7481,10.548992652093496,7.62147687697157e-7,GSK3B;HSP90B1;KLK3;KRAS,1.4226756837013598e-5,Venous,obese,down,79,Venous · Obese / Non-obese · higher in neg
KEGG_FC_EPSILON_RI_SIGNALING_PATHWAY,KEGG,8,70,102,7481,10.034931088500754,4.255841222887881e-6,BTK;KRAS;LYN;PRKCA;PRKCB,5.9581777120430334e-5,Venous,obese,down,79,Venous · Obese / Non-obese · higher in neg
KEGG_LONG_TERM_DEPRESSION,KEGG,6,39,102,7481,13.898177751014083,1.2557524799501277e-5,KRAS;LYN;PRKCA;PRKCB,1.406442777544143e-4,Venous,obese,down,79,Venous · Obese / Non-obese · higher in neg
KEGG_LONG_TERM_POTENTIATION,KEGG,5,29,102,7481,15.773589767601749,3.9099636971661444e-5,KRAS;PPP1CC;PRKCA;PRKCB,3.626404285035844e-4,Venous,obese,down,79,Venous · Obese / Non-obese · higher in neg
KEGG_PATHWAYS_IN_CANCER,KEGG,13,259,102,7481,4.2337665888182565,4.533005356294805e-5,GSK3B;HSP90B1;KLK3;KRAS;PRKCA;PRKCB;STAT1,3.626404285035844e-4,Venous,obese,down,79,Venous · Obese / Non-obese · higher in neg
KEGG_MELANOGENESIS,KEGG,6,58,102,7481,8.79607743392096,1.2638134578922091e-4,GSK3B;KRAS;PRKCA;PRKCB,8.846694205245464e-4,Venous,obese,down,79,Venous · Obese / Non-obese · higher in neg
KEGG_TIGHT_JUNCTION,KEGG,6,62,102,7481,8.166204373510636,1.8369367981935564e-4,KRAS;MYL12B;PRKCA;PRKCB;RRAS,0.0011048545562460117,Venous,obese,down,79,Venous · Obese / Non-obese · higher in neg
KEGG_ALDOSTERONE_REGULATED_SODIUM_REABSORPTION,KEGG,4,22,102,7481,16.664431290592585,1.972954564725021e-4,KRAS;PRKCA;PRKCB,0.0011048545562460117,Venous,obese,down,79,Venous · Obese / Non-obese · higher in neg
HALLMARK_ALLOGRAFT_REJECTION,Hallmark,10,192,102,7481,4.2964647067767565,2.6902270317593735e-4,AARS1;CSK;LYN;PRKCB;STAT1;TIMP1,0.0013695701252593173,Venous,obese,down,79,Venous · Obese / Non-obese · higher in neg
KEGG_NEUROTROPHIN_SIGNALING_PATHWAY,KEGG,7,99,102,7481,5.832866426367785,3.7999031048737645e-4,CSK;GSK3B;KRAS;YWHAH,0.001773288115607757,Venous,obese,down,79,Venous · Obese / Non-obese · higher in neg
KEGG_ENDOMETRIAL_CANCER,KEGG,5,47,102,7481,8.994109267957016,4.1584682408031694e-4,GSK3B;ILK;KRAS,0.0017913401652690575,Venous,obese,down,79,Venous · Obese / Non-obese · higher in neg
HALLMARK_UV_RESPONSE_UP,Hallmark,7,107,102,7481,5.360655927488232,6.09049674271042e-4,DLG4;GLS;GRPEL1;LYN;PPIF,0.002436198697084168,Venous,obese,down,79,Venous · Obese / Non-obese · higher in neg
KEGG_INSULIN_SIGNALING_PATHWAY,KEGG,6,84,102,7481,5.846710756900377,9.542025899912799e-4,GSK3B;KRAS;PPP1CC;TRIP10,0.0035623563359674453,Venous,obese,down,79,Venous · Obese / Non-obese · higher in neg
KEGG_ERBB_SIGNALING_PATHWAY,KEGG,6,86,102,7481,5.699083021754918,0.001079772685422402,GSK3B;KRAS;PRKCA;PRKCB,0.003779204398978407,Venous,obese,down,79,Venous · Obese / Non-obese · higher in neg
KEGG_FOCAL_ADHESION,KEGG,8,163,102,7481,3.9651054495695854,0.001652344063251819,GSK3B;ILK;MYL12B;PPP1CC;PRKCA;PRKCB;VASP,0.005443015737770698,Venous,obese,down,79,Venous · Obese / Non-obese · higher in neg
KEGG_NON_SMALL_CELL_LUNG_CANCER,KEGG,4,39,102,7481,8.556866609487694,0.0018574864082173393,KRAS;PRKCA;PRKCB,0.005778846603342833,Venous,obese,down,79,Venous · Obese / Non-obese · higher in neg
KEGG_GAP_JUNCTION,KEGG,4,40,102,7481,8.318214134035255,0.0020424994303737632,KRAS;PRKCA;PRKCB,0.005912967311897095,Venous,obese,down,79,Venous · Obese / Non-obese · higher in neg
KEGG_FC_GAMMA_R_MEDIATED_PHAGOCYTOSIS,KEGG,5,67,102,7481,6.079519563578482,0.0021117740399632483,LYN;PRKCA;PRKCB;VASP,0.005912967311897095,Venous,obese,down,79,Venous · Obese / Non-obese · higher in neg
KEGG_GLIOMA,KEGG,4,49,102,7481,6.647562037299133,0.004312535027535209,KRAS;PRKCA;PRKCB,0.011500093406760555,Venous,obese,down,79,Venous · Obese / Non-obese · higher in neg
KEGG_STARCH_AND_SUCROSE_METABOLISM,KEGG,3,25,102,7481,10.124435877429288,0.004551771439868365,AMY2B;GUSB,0.011586327301483111,Venous,obese,down,79,Venous · Obese / Non-obese · higher in neg
KEGG_COLORECTAL_CANCER,KEGG,4,53,102,7481,6.1019412804684166,0.005718143604332622,GSK3B;KRAS,0.013342335076776119,Venous,obese,down,79,Venous · Obese / Non-obese · higher in neg
KEGG_NOD_LIKE_RECEPTOR_SIGNALING_PATHWAY,KEGG,4,53,102,7481,6.1019412804684166,0.005718143604332622,CCL8;HSP90B1;TNFAIP3,0.013342335076776119,Venous,obese,down,79,Venous · Obese / Non-obese · higher in neg
HALLMARK_MTORC1_SIGNALING,Hallmark,6,123,102,7481,3.877939239919185,0.006518138377348867,GSK3B;HSP90B1;HSPA9;MTHFD2L;SHMT2,0.014600629965261463,Venous,obese,down,79,Venous · Obese / Non-obese · higher in neg
HALLMARK_ANDROGEN_RESPONSE,Hallmark,4,59,102,7481,5.432885965309987,0.008352699039360782,KLK3,0.017990428700161685,Venous,obese,down,79,Venous · Obese / Non-obese · higher in neg
KEGG_VEGF_SIGNALING_PATHWAY,KEGG,4,61,102,7481,5.24085522295769,0.00938157571469873,KRAS;PRKCA;PRKCB,0.019166714117866576,Venous,obese,down,79,Venous · Obese / Non-obese · higher in neg
KEGG_GNRH_SIGNALING_PATHWAY,KEGG,4,62,102,7481,5.148726619688694,0.009925619811038048,KRAS;PRKCA;PRKCB,0.019166714117866576,Venous,obese,down,79,Venous · Obese / Non-obese · higher in neg
KEGG_PANCREATIC_CANCER,KEGG,4,62,102,7481,5.148726619688694,0.009925619811038048,KRAS;STAT1,0.019166714117866576,Venous,obese,down,79,Venous · Obese / Non-obese · higher in neg
KEGG_REGULATION_OF_ACTIN_CYTOSKELETON,KEGG,6,137,102,7481,3.4569468672408514,0.010828912819471532,CSK;KRAS;MYL12B;PPP1CC;RRAS,0.02021397059634686,Venous,obese,down,79,Venous · Obese / Non-obese · higher in neg
KEGG_CELL_CYCLE,KEGG,4,68,102,7481,4.663669168756039,0.013621408920000229,GSK3B;YWHAH,0.024286400326136905,Venous,obese,down,79,Venous · Obese / Non-obese · higher in neg
HALLMARK_GLYCOLYSIS,Hallmark,6,145,102,7481,3.2544501841241975,0.014045427350980837,AGRN;COPB2;GUSB;HOMER1;ME2,0.024286400326136905,Venous,obese,down,79,Venous · Obese / Non-obese · higher in neg
KEGG_LEUKOCYTE_TRANSENDOTHELIAL_MIGRATION,KEGG,4,69,102,7481,4.591038518286147,0.01431162876361639,MYL12B;PRKCA;PRKCB;VASP,0.024286400326136905,Venous,obese,down,79,Venous · Obese / Non-obese · higher in neg
HALLMARK_ANGIOGENESIS,Hallmark,3,41,102,7481,5.850527214894225,0.01803351924831887,TIMP1,0.028324412117814224,Venous,obese,down,79,Venous · Obese / Non-obese · higher in neg
KEGG_VASCULAR_SMOOTH_MUSCLE_CONTRACTION,KEGG,3,41,102,7481,5.850527214894225,0.01803351924831887,PPP1CC;PRKCA;PRKCB,0.028324412117814224,Venous,obese,down,79,Venous · Obese / Non-obese · higher in neg
HALLMARK_COMPLEMENT,Hallmark,7,198,102,7481,2.772362274493135,0.018208550647166286,CSRP1;LYN;TIMP1;TNFAIP3,0.028324412117814224,Venous,obese,down,79,Venous · Obese / Non-obese · higher in neg
KEGG_EPITHELIAL_CELL_SIGNALING_IN_HELICOBACTER_PYLORI_INFECTION,KEGG,3,47,102,7481,5.048789328234439,0.02587444498776877,CSK;LYN,0.03813076103460661,Venous,obese,down,79,Venous · Obese / Non-obese · higher in neg
KEGG_OOCYTE_MEIOSIS,KEGG,3,47,102,7481,5.048789328234439,0.02587444498776877,PPP1CC;YWHAH,0.03813076103460661,Venous,obese,down,79,Venous · Obese / Non-obese · higher in neg
KEGG_PURINE_METABOLISM,KEGG,4,86,102,7481,3.6312590093648462,0.029533535799937023,NT5M;PDE11A;PDE5A,0.0424071283281147,Venous,obese,down,79,Venous · Obese / Non-obese · higher in neg
HALLMARK_PI3K_AKT_MTOR_SIGNALING,Hallmark,4,87,102,7481,3.5863439158980266,0.030642424504944286,GSK3B;HSP90B1;PRKCB,0.042899394306921995,Venous,obese,down,79,Venous · Obese / Non-obese · higher in neg
HALLMARK_PEROXISOME,Hallmark,3,51,102,7481,4.626504119393099,0.03196553952238308,DLG4;YWHAH,0.04366024910374275,Venous,obese,down,79,Venous · Obese / Non-obese · higher in neg
KEGG_T_CELL_RECEPTOR_SIGNALING_PATHWAY,KEGG,4,92,102,7481,3.380693125565681,0.03655374987314666,GSK3B;KRAS,0.04760488355572589,Venous,obese,down,79,Venous · Obese / Non-obese · higher in neg
KEGG_WNT_SIGNALING_PATHWAY,KEGG,4,92,102,7481,3.380693125565681,0.03655374987314666,GSK3B;PRKCA;PRKCB,0.04760488355572589,Venous,obese,down,79,Venous · Obese / Non-obese · higher in neg
KEGG_LEISHMANIA_INFECTION,KEGG,3,59,102,7481,3.961194543917264,0.04618730361843182,PRKCB;STAT1,0.05785438772833947,Venous,obese,down,79,Venous · Obese / Non-obese · higher in neg
HALLMARK_COAGULATION,Hallmark,5,144,102,7481,2.6841617682623355,0.046490132995987074,CSRP1;MMP3;TIMP1,0.05785438772833947,Venous,obese,down,79,Venous · Obese / Non-obese · higher in neg
KEGG_ADIPOCYTOKINE_SIGNALING_PATHWAY,KEGG,8,47,479,7481,3.0317675440032468,0.009161317474967014,LEP;PCK1;POMC;PTPN11,0.28741628035815947,Venous,obese,up,184,Venous · Obese / Non-obese · higher in pos
KEGG_METABOLISM_OF_XENOBIOTICS_BY_CYTOCHROME_P450,KEGG,7,39,479,7481,3.2294198551962996,0.010845897372006018,ADH1B;ADH1C;AKR1C1;AKR1C2;GSTA1;GSTA2,0.28741628035815947,Venous,obese,up,184,Venous · Obese / Non-obese · higher in pos
KEGG_GLYCINE_SERINE_AND_THREONINE_METABOLISM,KEGG,4,18,479,7481,4.201989237892785,0.024756918715889635,CTH;DAO;GNMT;PSPH,0.43737223064738356,Venous,obese,up,184,Venous · Obese / Non-obese · higher in pos
