pathway,collection,n_hit_in_set,n_set,n_hit,n_background,odds_ratio,p_value,padj,draw,contrast,direction,n_sig_hits,label
HALLMARK_FATTY_ACID_METABOLISM,Hallmark,20,110,584,7481,2.681478001343435,2.8334278281967113e-4,0.03060102054452448,AV_Delta,Laparoscopic_vs_HeadNeck,down,262,AV_Delta · Laparoscopic / Head-Neck · higher in 2nd
KEGG_PROPANOATE_METABOLISM,KEGG,5,17,584,7481,4.9526727468981635,0.008000285947448026,0.43201544116219337,AV_Delta,Laparoscopic_vs_HeadNeck,down,262,AV_Delta · Laparoscopic / Head-Neck · higher in 2nd
HALLMARK_BILE_ACID_METABOLISM,Hallmark,8,46,584,7481,2.5063329303342576,0.024374071989991412,0.6336911096765151,AV_Delta,Laparoscopic_vs_HeadNeck,down,262,AV_Delta · Laparoscopic / Head-Neck · higher in 2nd
KEGG_ADIPOCYTOKINE_SIGNALING_PATHWAY,KEGG,8,47,584,7481,2.441887128706664,0.027441177861509094,0.6336911096765151,AV_Delta,Laparoscopic_vs_HeadNeck,down,262,AV_Delta · Laparoscopic / Head-Neck · higher in 2nd
KEGG_SULFUR_METABOLISM,KEGG,3,10,584,7481,5.0802720285242025,0.0375217966208799,0.6336911096765151,AV_Delta,Laparoscopic_vs_HeadNeck,down,262,AV_Delta · Laparoscopic / Head-Neck · higher in 2nd
KEGG_GLYCEROPHOSPHOLIPID_METABOLISM,KEGG,5,25,584,7481,2.96866702647067,0.04100154052100487,0.6336911096765151,AV_Delta,Laparoscopic_vs_HeadNeck,down,262,AV_Delta · Laparoscopic / Head-Neck · higher in 2nd
KEGG_GLYCINE_SERINE_AND_THREONINE_METABOLISM,KEGG,4,18,584,7481,3.389720403487394,0.04668971459232202,0.6336911096765151,AV_Delta,Laparoscopic_vs_HeadNeck,down,262,AV_Delta · Laparoscopic / Head-Neck · higher in 2nd
KEGG_PPAR_SIGNALING_PATHWAY,KEGG,7,43,584,7481,2.3116232242723154,0.04694008219826038,0.6336911096765151,AV_Delta,Laparoscopic_vs_HeadNeck,down,262,AV_Delta · Laparoscopic / Head-Neck · higher in 2nd
KEGG_PENTOSE_PHOSPHATE_PATHWAY,KEGG,6,20,667,7481,4.407559959390251,0.006408099222262932,0.39443284621437513,AV_Delta,Laparoscopic_vs_HeadNeck,up,345,AV_Delta · Laparoscopic / Head-Neck · higher in 1st
KEGG_PROTEASOME,KEGG,7,28,667,7481,3.4298889945641173,0.009747235872043214,0.39443284621437513,AV_Delta,Laparoscopic_vs_HeadNeck,up,345,AV_Delta · Laparoscopic / Head-Neck · higher in 1st
KEGG_PANTOTHENATE_AND_COA_BIOSYNTHESIS,KEGG,4,11,667,7481,5.863252838857714,0.01242016268675011,0.39443284621437513,AV_Delta,Laparoscopic_vs_HeadNeck,up,345,AV_Delta · Laparoscopic / Head-Neck · higher in 1st
KEGG_REGULATION_OF_AUTOPHAGY,KEGG,7,30,667,7481,3.130805576001068,0.014343012589613641,0.39443284621437513,AV_Delta,Laparoscopic_vs_HeadNeck,up,345,AV_Delta · Laparoscopic / Head-Neck · higher in 1st
KEGG_PENTOSE_PHOSPHATE_PATHWAY,KEGG,10,20,911,7481,7.276089922035556,3.992488724895668e-5,0.0045610979123944404,AV_Delta,Spine_vs_Laparoscopic,down,551,AV_Delta · Spine / Laparoscopic · higher in 2nd
HALLMARK_HEME_METABOLISM,Hallmark,26,98,911,7481,2.650929391008184,7.703361623477181e-5,0.0045610979123944404,AV_Delta,Spine_vs_Laparoscopic,down,551,AV_Delta · Spine / Laparoscopic · higher in 2nd
KEGG_FC_GAMMA_R_MEDIATED_PHAGOCYTOSIS,KEGG,20,67,911,7481,3.1146462413854694,8.771342139220077e-5,0.0045610979123944404,AV_Delta,Spine_vs_Laparoscopic,down,551,AV_Delta · Spine / Laparoscopic · higher in 2nd
KEGG_PROTEASOME,KEGG,10,28,911,7481,4.039220713625135,0.0011354560403289305,0.04428278557282829,AV_Delta,Spine_vs_Laparoscopic,down,551,AV_Delta · Spine / Laparoscopic · higher in 2nd
KEGG_SPLICEOSOME,KEGG,17,65,911,7481,2.5833532935667436,0.0015438339448737431,0.048167619080060786,AV_Delta,Spine_vs_Laparoscopic,down,551,AV_Delta · Spine / Laparoscopic · higher in 2nd
HALLMARK_REACTIVE_OXYGEN_SPECIES_PATHWAY,Hallmark,10,31,911,7481,3.4600630215729455,0.0027293539795377286,0.06542915343330555,AV_Delta,Spine_vs_Laparoscopic,down,551,AV_Delta · Spine / Laparoscopic · higher in 2nd
HALLMARK_MTORC1_SIGNALING,Hallmark,26,123,911,7481,1.960327695507607,0.0031634465671315096,0.06542915343330555,AV_Delta,Spine_vs_Laparoscopic,down,551,AV_Delta · Spine / Laparoscopic · higher in 2nd
KEGG_GLUTATHIONE_METABOLISM,KEGG,12,42,911,7481,2.9093039295348255,0.0033553412017079767,0.06542915343330555,AV_Delta,Spine_vs_Laparoscopic,down,551,AV_Delta · Spine / Laparoscopic · higher in 2nd
KEGG_ENDOCYTOSIS,KEGG,25,125,911,7481,1.82542736743258,0.007898347419542788,0.1369046886054083,AV_Delta,Spine_vs_Laparoscopic,down,551,AV_Delta · Spine / Laparoscopic · higher in 2nd
KEGG_PRION_DISEASES,KEGG,10,39,911,7481,2.5028156734496054,0.01588707428791983,0.24783835889154937,AV_Delta,Spine_vs_Laparoscopic,down,551,AV_Delta · Spine / Laparoscopic · higher in 2nd
KEGG_LEISHMANIA_INFECTION,KEGG,13,59,911,7481,2.0529300831875643,0.022940519071356972,0.31100275224140267,AV_Delta,Spine_vs_Laparoscopic,down,551,AV_Delta · Spine / Laparoscopic · higher in 2nd
KEGG_ANTIGEN_PROCESSING_AND_PRESENTATION,KEGG,16,78,911,7481,1.8762468225362239,0.023923288633954053,0.31100275224140267,AV_Delta,Spine_vs_Laparoscopic,down,551,AV_Delta · Spine / Laparoscopic · higher in 2nd
KEGG_GLYCOLYSIS_GLUCONEOGENESIS,KEGG,12,54,911,7481,2.074440977838937,0.026535262071630993,0.3184231448595719,AV_Delta,Spine_vs_Laparoscopic,down,551,AV_Delta · Spine / Laparoscopic · higher in 2nd
KEGG_SYSTEMIC_LUPUS_ERYTHEMATOSUS,KEGG,12,56,911,7481,1.9796024923785207,0.03447329649228432,0.3710031010445124,AV_Delta,Spine_vs_Laparoscopic,down,551,AV_Delta · Spine / Laparoscopic · higher in 2nd
KEGG_PANTOTHENATE_AND_COA_BIOSYNTHESIS,KEGG,4,11,911,7481,4.133993829343543,0.035673375100433884,0.3710031010445124,AV_Delta,Spine_vs_Laparoscopic,down,551,AV_Delta · Spine / Laparoscopic · higher in 2nd
HALLMARK_MYC_TARGETS_V1,Hallmark,22,125,911,7481,1.55365547625311,0.046783110480901134,0.4561353271887861,AV_Delta,Spine_vs_Laparoscopic,down,551,AV_Delta · Spine / Laparoscopic · higher in 2nd
HALLMARK_EPITHELIAL_MESENCHYMAL_TRANSITION,Hallmark,61,210,1194,7481,2.217598342319356,9.159315591400626e-7,1.3647380231186933e-4,AV_Delta,Spine_vs_Laparoscopic,up,759,AV_Delta · Spine / Laparoscopic · higher in 1st
KEGG_AXON_GUIDANCE,KEGG,41,127,1194,7481,2.563563884850085,3.2750037237280414e-6,2.4398777741773908e-4,AV_Delta,Spine_vs_Laparoscopic,up,759,AV_Delta · Spine / Laparoscopic · higher in 1st
KEGG_CYTOKINE_CYTOKINE_RECEPTOR_INTERACTION,KEGG,74,324,1194,7481,1.5953730723214938,5.995517225702293e-4,0.029777735554321387,AV_Delta,Spine_vs_Laparoscopic,up,759,AV_Delta · Spine / Laparoscopic · higher in 1st
HALLMARK_TGF_BETA_SIGNALING,Hallmark,14,44,1194,7481,2.4741156573742225,0.006648388441733149,0.23835175096360497,AV_Delta,Spine_vs_Laparoscopic,up,759,AV_Delta · Spine / Laparoscopic · higher in 1st
KEGG_TGF_BETA_SIGNALING_PATHWAY,KEGG,22,82,1194,7481,1.9480374179137454,0.007998380904818959,0.23835175096360497,AV_Delta,Spine_vs_Laparoscopic,up,759,AV_Delta · Spine / Laparoscopic · higher in 1st
KEGG_HEDGEHOG_SIGNALING_PATHWAY,KEGG,11,33,1194,7481,2.64743334340254,0.01062432024238617,0.24568268302452376,AV_Delta,Spine_vs_Laparoscopic,up,759,AV_Delta · Spine / Laparoscopic · higher in 1st
KEGG_HISTIDINE_METABOLISM,KEGG,7,17,1194,7481,3.7007671629821153,0.011542139470950782,0.24568268302452376,AV_Delta,Spine_vs_Laparoscopic,up,759,AV_Delta · Spine / Laparoscopic · higher in 1st
KEGG_ECM_RECEPTOR_INTERACTION,KEGG,17,62,1194,7481,2.003311362314212,0.01483950387985779,0.24857909610028275,AV_Delta,Spine_vs_Laparoscopic,up,759,AV_Delta · Spine / Laparoscopic · higher in 1st
KEGG_CELL_ADHESION_MOLECULES_CAMS,KEGG,26,107,1194,7481,1.705373895242945,0.015983780510571668,0.24857909610028275,AV_Delta,Spine_vs_Laparoscopic,up,759,AV_Delta · Spine / Laparoscopic · higher in 1st
HALLMARK_ALLOGRAFT_REJECTION,Hallmark,42,192,1194,7481,1.4915386378318822,0.017872458847791043,0.24857909610028275,AV_Delta,Spine_vs_Laparoscopic,up,759,AV_Delta · Spine / Laparoscopic · higher in 1st
KEGG_ANTIGEN_PROCESSING_AND_PRESENTATION,KEGG,20,78,1194,7481,1.829400057225335,0.018351476893309467,0.24857909610028275,AV_Delta,Spine_vs_Laparoscopic,up,759,AV_Delta · Spine / Laparoscopic · higher in 1st
HALLMARK_ANGIOGENESIS,Hallmark,12,41,1194,7481,2.1905105872897046,0.022849533622908157,0.2772986308404696,AV_Delta,Spine_vs_Laparoscopic,up,759,AV_Delta · Spine / Laparoscopic · higher in 1st
KEGG_HEMATOPOIETIC_CELL_LINEAGE,KEGG,22,91,1194,7481,1.6914515629340106,0.02671104918597515,0.2772986308404696,AV_Delta,Spine_vs_Laparoscopic,up,759,AV_Delta · Spine / Laparoscopic · higher in 1st
KEGG_BASAL_CELL_CARCINOMA,KEGG,10,33,1194,7481,2.2999059635114474,0.028687317363492563,0.2772986308404696,AV_Delta,Spine_vs_Laparoscopic,up,759,AV_Delta · Spine / Laparoscopic · higher in 1st
HALLMARK_COAGULATION,Hallmark,32,144,1194,7481,1.518218132330362,0.02888199941845234,0.2772986308404696,AV_Delta,Spine_vs_Laparoscopic,up,759,AV_Delta · Spine / Laparoscopic · higher in 1st
KEGG_PPAR_SIGNALING_PATHWAY,KEGG,12,43,1194,7481,2.0485990803491174,0.03277807444113073,0.2772986308404696,AV_Delta,Spine_vs_Laparoscopic,up,759,AV_Delta · Spine / Laparoscopic · higher in 1st
KEGG_NEUROACTIVE_LIGAND_RECEPTOR_INTERACTION,KEGG,14,53,1194,7481,1.9004574508755754,0.034815033761251384,0.2772986308404696,AV_Delta,Spine_vs_Laparoscopic,up,759,AV_Delta · Spine / Laparoscopic · higher in 1st
HALLMARK_HEDGEHOG_SIGNALING,Hallmark,10,34,1194,7481,2.2037514033300996,0.03501712704207578,0.2772986308404696,AV_Delta,Spine_vs_Laparoscopic,up,759,AV_Delta · Spine / Laparoscopic · higher in 1st
KEGG_METABOLISM_OF_XENOBIOTICS_BY_CYTOCHROME_P450,KEGG,11,39,1194,7481,2.0783048532921193,0.03722129273026437,0.2772986308404696,AV_Delta,Spine_vs_Laparoscopic,up,759,AV_Delta · Spine / Laparoscopic · higher in 1st
KEGG_PRION_DISEASES,KEGG,11,39,1194,7481,2.0783048532921193,0.03722129273026437,0.2772986308404696,AV_Delta,Spine_vs_Laparoscopic,up,759,AV_Delta · Spine / Laparoscopic · higher in 1st
HALLMARK_EPITHELIAL_MESENCHYMAL_TRANSITION,Hallmark,47,210,991,7481,1.9324444368598561,1.582353877806684e-4,0.024368249718222934,Arterial,Laparoscopic_vs_HeadNeck,down,614,Arterial · Laparoscopic / Head-Neck · higher in 2nd
HALLMARK_ALLOGRAFT_REJECTION,Hallmark,41,192,991,7481,1.8115961017224795,0.0011065335133773702,0.07647537414838446,Arterial,Laparoscopic_vs_HeadNeck,down,614,Arterial · Laparoscopic / Head-Neck · higher in 2nd
KEGG_MAPK_SIGNALING_PATHWAY,KEGG,40,191,991,7481,1.7655607561929072,0.0018590274008046211,0.07647537414838446,Arterial,Laparoscopic_vs_HeadNeck,down,614,Arterial · Laparoscopic / Head-Neck · higher in 2nd
KEGG_ECM_RECEPTOR_INTERACTION,KEGG,17,62,991,7481,2.4993163237064735,0.002225930212611764,0.07647537414838446,Arterial,Laparoscopic_vs_HeadNeck,down,614,Arterial · Laparoscopic / Head-Neck · higher in 2nd
HALLMARK_IL6_JAK_STAT3_SIGNALING,Hallmark,25,106,991,7481,2.0474878283749565,0.0024829666931293656,0.07647537414838446,Arterial,Laparoscopic_vs_HeadNeck,down,614,Arterial · Laparoscopic / Head-Neck · higher in 2nd
KEGG_PRION_DISEASES,KEGG,11,39,991,7481,2.5898316583405636,0.010257841608062177,0.2081396483529378,Arterial,Laparoscopic_vs_HeadNeck,down,614,Arterial · Laparoscopic / Head-Neck · higher in 2nd
HALLMARK_COMPLEMENT,Hallmark,38,198,991,7481,1.5773979557251545,0.010782834569955314,0.2081396483529378,Arterial,Laparoscopic_vs_HeadNeck,down,614,Arterial · Laparoscopic / Head-Neck · higher in 2nd
HALLMARK_OXIDATIVE_PHOSPHORYLATION,Hallmark,19,83,991,7481,1.962524848102972,0.010812449265087678,0.2081396483529378,Arterial,Laparoscopic_vs_HeadNeck,down,614,Arterial · Laparoscopic / Head-Neck · higher in 2nd
HALLMARK_APICAL_JUNCTION,Hallmark,30,151,991,7481,1.6430390745078385,0.013784849412813981,0.2358740899525948,Arterial,Laparoscopic_vs_HeadNeck,down,614,Arterial · Laparoscopic / Head-Neck · higher in 2nd
KEGG_PRIMARY_IMMUNODEFICIENCY,KEGG,8,26,991,7481,2.925592314700846,0.015968111182364502,0.24590891220841335,Arterial,Laparoscopic_vs_HeadNeck,down,614,Arterial · Laparoscopic / Head-Neck · higher in 2nd
KEGG_GLYCOSAMINOGLYCAN_BIOSYNTHESIS_CHONDROITIN_SULFATE,KEGG,5,13,991,7481,4.1079730529387986,0.020759193061840493,0.2906287028657669,Arterial,Laparoscopic_vs_HeadNeck,down,614,Arterial · Laparoscopic / Head-Neck · higher in 2nd
HALLMARK_ADIPOGENESIS,Hallmark,24,122,991,7481,1.6186778697069675,0.028657684294702657,0.3677736151153508,Arterial,Laparoscopic_vs_HeadNeck,down,614,Arterial · Laparoscopic / Head-Neck · higher in 2nd
KEGG_SULFUR_METABOLISM,KEGG,4,10,991,7481,4.378547658650373,0.03321951195596814,0.39352344932454564,Arterial,Laparoscopic_vs_HeadNeck,down,614,Arterial · Laparoscopic / Head-Neck · higher in 2nd
KEGG_TGF_BETA_SIGNALING_PATHWAY,KEGG,17,82,991,7481,1.7250847058440442,0.038159158239117655,0.4197507406302942,Arterial,Laparoscopic_vs_HeadNeck,down,614,Arterial · Laparoscopic / Head-Neck · higher in 2nd
KEGG_LYSOSOME,KEGG,15,71,991,7481,1.7656047072962615,0.04273358386769483,0.4244847404570098,Arterial,Laparoscopic_vs_HeadNeck,down,614,Arterial · Laparoscopic / Head-Neck · higher in 2nd
KEGG_GLYOXYLATE_AND_DICARBOXYLATE_METABOLISM,KEGG,4,11,991,7481,3.751962487591045,0.046858705115384196,0.4244847404570098,Arterial,Laparoscopic_vs_HeadNeck,down,614,Arterial · Laparoscopic / Head-Neck · higher in 2nd
KEGG_OTHER_GLYCAN_DEGRADATION,KEGG,4,11,991,7481,3.751962487591045,0.046858705115384196,0.4244847404570098,Arterial,Laparoscopic_vs_HeadNeck,down,614,Arterial · Laparoscopic / Head-Neck · higher in 2nd
KEGG_SPLICEOSOME,KEGG,27,65,1168,7481,3.9065971970871916,4.414741934705093e-7,6.931144837486996e-5,Arterial,Laparoscopic_vs_HeadNeck,up,784,Arterial · Laparoscopic / Head-Neck · higher in 1st
HALLMARK_REACTIVE_OXYGEN_SPECIES_PATHWAY,Hallmark,14,31,1168,7481,4.49188488810534,9.132779312259805e-5,0.006867134458909673,Arterial,Laparoscopic_vs_HeadNeck,up,784,Arterial · Laparoscopic / Head-Neck · higher in 1st
HALLMARK_HEME_METABOLISM,Hallmark,30,98,1168,7481,2.420643126577833,1.3121912978808291e-4,0.006867134458909673,Arterial,Laparoscopic_vs_HeadNeck,up,784,Arterial · Laparoscopic / Head-Neck · higher in 1st
KEGG_PANTOTHENATE_AND_COA_BIOSYNTHESIS,KEGG,6,11,1168,7481,6.511721458933394,0.003254102453440326,0.1277235212975328,Arterial,Laparoscopic_vs_HeadNeck,up,784,Arterial · Laparoscopic / Head-Neck · higher in 1st
KEGG_INTESTINAL_IMMUNE_NETWORK_FOR_IGA_PRODUCTION,KEGG,13,39,1168,7481,2.721022838935881,0.0046875893999680195,0.1471903071589958,Arterial,Laparoscopic_vs_HeadNeck,up,784,Arterial · Laparoscopic / Head-Neck · higher in 1st
KEGG_GLYCOLYSIS_GLUCONEOGENESIS,KEGG,16,54,1168,7481,2.293166452507472,0.006667652840053197,0.17447024931472532,Arterial,Laparoscopic_vs_HeadNeck,up,784,Arterial · Laparoscopic / Head-Neck · higher in 1st
HALLMARK_MYC_TARGETS_V1,Hallmark,30,125,1168,7481,1.7253118348933292,0.008962959412167024,0.20102637538717466,Arterial,Laparoscopic_vs_HeadNeck,up,784,Arterial · Laparoscopic / Head-Neck · higher in 1st
KEGG_PRION_DISEASES,KEGG,12,39,1168,7481,2.416301645187206,0.01296336065246994,0.25440595280472256,Arterial,Laparoscopic_vs_HeadNeck,up,784,Arterial · Laparoscopic / Head-Neck · higher in 1st
KEGG_CYTOKINE_CYTOKINE_RECEPTOR_INTERACTION,KEGG,65,324,1168,7481,1.3773980526693885,0.01685581127317179,0.2621823882914235,Arterial,Laparoscopic_vs_HeadNeck,up,784,Arterial · Laparoscopic / Head-Neck · higher in 1st
KEGG_PYRUVATE_METABOLISM,KEGG,11,36,1168,7481,2.3909814285365134,0.017959010089229937,0.2621823882914235,Arterial,Laparoscopic_vs_HeadNeck,up,784,Arterial · Laparoscopic / Head-Neck · higher in 1st
KEGG_MAPK_SIGNALING_PATHWAY,KEGG,41,191,1168,7481,1.494629086215153,0.01836946669557744,0.2621823882914235,Arterial,Laparoscopic_vs_HeadNeck,up,784,Arterial · Laparoscopic / Head-Neck · higher in 1st
KEGG_PENTOSE_PHOSPHATE_PATHWAY,KEGG,7,20,1168,7481,2.9213077528197227,0.02669592353649313,0.333306026886938,Arterial,Laparoscopic_vs_HeadNeck,up,784,Arterial · Laparoscopic / Head-Neck · higher in 1st
KEGG_ENDOCYTOSIS,KEGG,28,125,1168,7481,1.5738412513798568,0.027598588213568115,0.333306026886938,Arterial,Laparoscopic_vs_HeadNeck,up,784,Arterial · Laparoscopic / Head-Neck · higher in 1st
KEGG_MELANOMA,KEGG,18,74,1168,7481,1.7486915011273694,0.033015899704834935,0.3702497324042203,Arterial,Laparoscopic_vs_HeadNeck,up,784,Arterial · Laparoscopic / Head-Neck · higher in 1st
KEGG_VALINE_LEUCINE_AND_ISOLEUCINE_DEGRADATION,KEGG,7,28,737,7481,3.06895204199082,0.016405876461674938,0.6839858120683476,Arterial,Spine_vs_HeadNeck,down,418,Arterial · Spine / Head-Neck · higher in 2nd
HALLMARK_MITOTIC_SPINDLE,Hallmark,13,72,737,7481,2.0342461310157414,0.02218925426972424,0.6839858120683476,Arterial,Spine_vs_HeadNeck,down,418,Arterial · Spine / Head-Neck · higher in 2nd
HALLMARK_PROTEIN_SECRETION,Hallmark,11,59,737,7481,2.1133569492257482,0.027281471630163315,0.6839858120683476,Arterial,Spine_vs_HeadNeck,down,418,Arterial · Spine / Head-Neck · higher in 2nd
KEGG_FATTY_ACID_METABOLISM,KEGG,6,25,737,7481,2.9045028553026353,0.0310733234755947,0.6839858120683476,Arterial,Spine_vs_HeadNeck,down,418,Arterial · Spine / Head-Neck · higher in 2nd
KEGG_LEUKOCYTE_TRANSENDOTHELIAL_MIGRATION,KEGG,12,69,737,7481,1.9416193202223206,0.03558239527684171,0.6839858120683476,Arterial,Spine_vs_HeadNeck,down,418,Arterial · Spine / Head-Neck · higher in 2nd
KEGG_PANCREATIC_CANCER,KEGG,11,62,737,7481,1.9882102296540207,0.037903726617590484,0.6839858120683476,Arterial,Spine_vs_HeadNeck,down,418,Arterial · Spine / Head-Neck · higher in 2nd
KEGG_PHOSPHATIDYLINOSITOL_SIGNALING_SYSTEM,KEGG,6,27,737,7481,2.627221606919411,0.043925694353013155,0.6839858120683476,Arterial,Spine_vs_HeadNeck,down,418,Arterial · Spine / Head-Neck · higher in 2nd
KEGG_PRION_DISEASES,KEGG,11,39,417,7481,6.803879382252843,5.734718372571964e-6,2.2365401653030658e-4,Arterial,Spine_vs_HeadNeck,up,133,Arterial · Spine / Head-Neck · higher in 1st
KEGG_SPLICEOSOME,KEGG,11,65,417,7481,3.516110226396182,8.248266539071766e-4,0.0151510797680398,Arterial,Spine_vs_HeadNeck,up,133,Arterial · Spine / Head-Neck · higher in 1st
KEGG_ANTIGEN_PROCESSING_AND_PRESENTATION,KEGG,12,78,417,7481,3.1408314653071976,0.0011654676744646,0.0151510797680398,Arterial,Spine_vs_HeadNeck,up,133,Arterial · Spine / Head-Neck · higher in 1st
KEGG_ENDOCYTOSIS,KEGG,13,125,417,7481,1.9971049178985212,0.02157405765456436,0.19923390266405844,Arterial,Spine_vs_HeadNeck,up,133,Arterial · Spine / Head-Neck · higher in 1st
KEGG_FOLATE_BIOSYNTHESIS,KEGG,3,12,417,7481,5.6775458610721765,0.025951638977557794,0.19923390266405844,Arterial,Spine_vs_HeadNeck,up,133,Arterial · Spine / Head-Neck · higher in 1st
KEGG_PPAR_SIGNALING_PATHWAY,KEGG,6,43,417,7481,2.771943323703074,0.030651369640624374,0.19923390266405844,Arterial,Spine_vs_HeadNeck,up,133,Arterial · Spine / Head-Neck · higher in 1st
HALLMARK_COMPLEMENT,Hallmark,17,198,417,7481,1.6160357330677293,0.04968006631201179,0.22622898918530707,Arterial,Spine_vs_HeadNeck,up,133,Arterial · Spine / Head-Neck · higher in 1st
KEGG_SPLICEOSOME,KEGG,26,65,1306,7481,3.1951573623292906,1.4269175151749717e-5,0.002411490600645702,Arterial,Spine_vs_Laparoscopic,down,915,Arterial · Spine / Laparoscopic · higher in 2nd
KEGG_PROTEASOME,KEGG,13,28,1306,7481,4.12779774462219,3.666623183748066e-4,0.01778922836258828,Arterial,Spine_vs_Laparoscopic,down,915,Arterial · Spine / Laparoscopic · higher in 2nd
HALLMARK_HEME_METABOLISM,Hallmark,31,98,1306,7481,2.216254817760557,4.1754087545756966e-4,0.01778922836258828,Arterial,Spine_vs_Laparoscopic,down,915,Arterial · Spine / Laparoscopic · higher in 2nd
HALLMARK_MYC_TARGETS_V1,Hallmark,37,125,1306,7481,2.0166227328761477,5.263085314375231e-4,0.01778922836258828,Arterial,Spine_vs_Laparoscopic,down,915,Arterial · Spine / Laparoscopic · higher in 2nd
KEGG_ENDOCYTOSIS,KEGG,37,125,1306,7481,2.0166227328761477,5.263085314375231e-4,0.01778922836258828,Arterial,Spine_vs_Laparoscopic,down,915,Arterial · Spine / Laparoscopic · higher in 2nd
KEGG_PENTOSE_PHOSPHATE_PATHWAY,KEGG,10,20,1306,7481,4.755554044552656,8.597898039879987e-4,0.024217412812328632,Arterial,Spine_vs_Laparoscopic,down,915,Arterial · Spine / Laparoscopic · higher in 2nd
HALLMARK_REACTIVE_OXYGEN_SPECIES_PATHWAY,Hallmark,13,31,1306,7481,3.438289177800307,0.0012053916092336036,0.02910159742292557,Arterial,Spine_vs_Laparoscopic,down,915,Arterial · Spine / Laparoscopic · higher in 2nd
KEGG_FC_GAMMA_R_MEDIATED_PHAGOCYTOSIS,KEGG,22,67,1306,7481,2.3336907693667954,0.0016104176065210648,0.034020071937757496,Arterial,Spine_vs_Laparoscopic,down,915,Arterial · Spine / Laparoscopic · higher in 2nd
HALLMARK_PI3K_AKT_MTOR_SIGNALING,Hallmark,25,87,1306,7481,1.9239054451661652,0.006100788833738036,0.11455925698908091,Arterial,Spine_vs_Laparoscopic,down,915,Arterial · Spine / Laparoscopic · higher in 2nd
KEGG_REGULATION_OF_ACTIN_CYTOSKELETON,KEGG,35,137,1306,7481,1.6394234382954551,0.010415525094561576,0.17602237409809063,Arterial,Spine_vs_Laparoscopic,down,915,Arterial · Spine / Laparoscopic · higher in 2nd
KEGG_GLYCOLYSIS_GLUCONEOGENESIS,KEGG,16,54,1306,7481,2.002949161976552,0.018962197240794558,0.2862090119372427,Arterial,Spine_vs_Laparoscopic,down,915,Arterial · Spine / Laparoscopic · higher in 2nd
KEGG_PARKINSONS_DISEASE,KEGG,14,46,1306,7481,2.0799480104147565,0.021613950061888213,0.2862090119372427,Arterial,Spine_vs_Laparoscopic,down,915,Arterial · Spine / Laparoscopic · higher in 2nd
KEGG_GLUTATHIONE_METABOLISM,KEGG,13,42,1306,7481,2.1305433527615314,0.022946501268543362,0.2862090119372427,Arterial,Spine_vs_Laparoscopic,down,915,Arterial · Spine / Laparoscopic · higher in 2nd
KEGG_ANTIGEN_PROCESSING_AND_PRESENTATION,KEGG,21,78,1306,7481,1.7539270725944358,0.023757360006250932,0.2862090119372427,Arterial,Spine_vs_Laparoscopic,down,915,Arterial · Spine / Laparoscopic · higher in 2nd
KEGG_PATHOGENIC_ESCHERICHIA_COLI_INFECTION,KEGG,11,34,1306,7481,2.2717058706459836,0.025403166739991954,0.2862090119372427,Arterial,Spine_vs_Laparoscopic,down,915,Arterial · Spine / Laparoscopic · higher in 2nd
KEGG_PRION_DISEASES,KEGG,12,39,1306,7481,2.111397534479689,0.029611739449653954,0.3127739979369699,Arterial,Spine_vs_Laparoscopic,down,915,Arterial · Spine / Laparoscopic · higher in 2nd
KEGG_PURINE_METABOLISM,KEGG,22,86,1306,7481,1.6358953561950305,0.03643552904446653,0.35955514747296724,Arterial,Spine_vs_Laparoscopic,down,915,Arterial · Spine / Laparoscopic · higher in 2nd
KEGG_PYRUVATE_METABOLISM,KEGG,11,36,1306,7481,2.0893607474165936,0.03829581452374799,0.35955514747296724,Arterial,Spine_vs_Laparoscopic,down,915,Arterial · Spine / Laparoscopic · higher in 2nd
HALLMARK_EPITHELIAL_MESENCHYMAL_TRANSITION,Hallmark,68,210,1136,7481,2.7808354365879566,1.8757875100460863e-10,2.8324391401695904e-8,Arterial,Spine_vs_Laparoscopic,up,718,Arterial · Spine / Laparoscopic · higher in 1st
HALLMARK_IL6_JAK_STAT3_SIGNALING,Hallmark,32,106,1136,7481,2.455841398558079,6.171598339647393e-5,0.0046595567464337816,Arterial,Spine_vs_Laparoscopic,up,718,Arterial · Spine / Laparoscopic · higher in 1st
HALLMARK_TGF_BETA_SIGNALING,Hallmark,17,44,1136,7481,3.5541067148360805,1.2522747978204788e-4,0.005081230782998479,Arterial,Spine_vs_Laparoscopic,up,718,Arterial · Spine / Laparoscopic · higher in 1st
KEGG_DILATED_CARDIOMYOPATHY,KEGG,15,37,1136,7481,3.844837755602905,1.6553760863712594e-4,0.005081230782998479,Arterial,Spine_vs_Laparoscopic,up,718,Arterial · Spine / Laparoscopic · higher in 1st
KEGG_CELL_ADHESION_MOLECULES_CAMS,KEGG,31,107,1136,7481,2.313774180538559,1.8555426869652788e-4,0.005081230782998479,Arterial,Spine_vs_Laparoscopic,up,718,Arterial · Spine / Laparoscopic · higher in 1st
HALLMARK_ALLOGRAFT_REJECTION,Hallmark,48,192,1136,7481,1.8995156371605508,2.2344867553441726e-4,0.005081230782998479,Arterial,Spine_vs_Laparoscopic,up,718,Arterial · Spine / Laparoscopic · higher in 1st
KEGG_HYPERTROPHIC_CARDIOMYOPATHY_HCM,KEGG,15,38,1136,7481,3.677103746834504,2.3555374490721425e-4,0.005081230782998479,Arterial,Spine_vs_Laparoscopic,up,718,Arterial · Spine / Laparoscopic · higher in 1st
KEGG_INTESTINAL_IMMUNE_NETWORK_FOR_IGA_PRODUCTION,KEGG,15,39,1136,7481,3.5233560073913446,3.297160255343191e-4,0.0055319022061869096,Arterial,Spine_vs_Laparoscopic,up,718,Arterial · Spine / Laparoscopic · higher in 1st
KEGG_PRION_DISEASES,KEGG,15,39,1136,7481,3.5233560073913446,3.297160255343191e-4,0.0055319022061869096,Arterial,Spine_vs_Laparoscopic,up,718,Arterial · Spine / Laparoscopic · higher in 1st
KEGG_ECM_RECEPTOR_INTERACTION,KEGG,20,62,1136,7481,2.688837699972639,5.600769637610018e-4,0.008457162152791128,Arterial,Spine_vs_Laparoscopic,up,718,Arterial · Spine / Laparoscopic · higher in 1st
HALLMARK_APICAL_JUNCTION,Hallmark,38,151,1136,7481,1.9083599440869417,8.528944206599567e-4,0.011707914319968496,Arterial,Spine_vs_Laparoscopic,up,718,Arterial · Spine / Laparoscopic · higher in 1st
KEGG_CYTOKINE_CYTOKINE_RECEPTOR_INTERACTION,KEGG,69,324,1136,7481,1.5443012495713544,0.001659583800473358,0.02088309615595642,Arterial,Spine_vs_Laparoscopic,up,718,Arterial · Spine / Laparoscopic · higher in 1st
KEGG_P53_SIGNALING_PATHWAY,KEGG,14,42,1136,7481,2.8145878673030853,0.002603780540881313,0.030243912436390633,Arterial,Spine_vs_Laparoscopic,up,718,Arterial · Spine / Laparoscopic · higher in 1st
KEGG_LYSOSOME,KEGG,20,71,1136,7481,2.2113840914267895,0.0035381342542282306,0.03816130517060449,Arterial,Spine_vs_Laparoscopic,up,718,Arterial · Spine / Laparoscopic · higher in 1st
KEGG_TGF_BETA_SIGNALING_PATHWAY,KEGG,22,82,1136,7481,2.068452254105133,0.004394794767879291,0.04424093399665153,Arterial,Spine_vs_Laparoscopic,up,718,Arterial · Spine / Laparoscopic · higher in 1st
KEGG_GLYCOSAMINOGLYCAN_BIOSYNTHESIS_CHONDROITIN_SULFATE,KEGG,6,13,1136,7481,4.806224981376361,0.007952877578721883,0.07158531435031185,Arterial,Spine_vs_Laparoscopic,up,718,Arterial · Spine / Laparoscopic · higher in 1st
HALLMARK_COMPLEMENT,Hallmark,43,198,1136,7481,1.5709989349204885,0.00821447383046364,0.07158531435031185,Arterial,Spine_vs_Laparoscopic,up,718,Arterial · Spine / Laparoscopic · higher in 1st
KEGG_CARDIAC_MUSCLE_CONTRACTION,KEGG,9,25,1136,7481,3.1582004397003542,0.00853334873050075,0.07158531435031185,Arterial,Spine_vs_Laparoscopic,up,718,Arterial · Spine / Laparoscopic · higher in 1st
HALLMARK_PANCREAS_BETA_CELLS,Hallmark,9,26,1136,7481,2.9719959082347716,0.01132990011948372,0.09004289042326535,Arterial,Spine_vs_Laparoscopic,up,718,Arterial · Spine / Laparoscopic · higher in 1st
KEGG_AXON_GUIDANCE,KEGG,29,127,1136,7481,1.669780621789168,0.013864819440116093,0.1046793867728765,Arterial,Spine_vs_Laparoscopic,up,718,Arterial · Spine / Laparoscopic · higher in 1st
KEGG_COMPLEMENT_AND_COAGULATION_CASCADES,KEGG,19,77,1136,7481,1.8436035403625293,0.019308607555017662,0.1388380828956032,Arterial,Spine_vs_Laparoscopic,up,718,Arterial · Spine / Laparoscopic · higher in 1st
KEGG_THYROID_CANCER,KEGG,8,24,1136,7481,2.8049793400428404,0.021103153044556403,0.14452078092468254,Arterial,Spine_vs_Laparoscopic,up,718,Arterial · Spine / Laparoscopic · higher in 1st
KEGG_ANTIGEN_PROCESSING_AND_PRESENTATION,KEGG,19,78,1136,7481,1.8120929757657538,0.022013099081243034,0.14452078092468254,Arterial,Spine_vs_Laparoscopic,up,718,Arterial · Spine / Laparoscopic · higher in 1st
KEGG_SPHINGOLIPID_METABOLISM,KEGG,6,16,1136,7481,3.3629420390233666,0.024765020640015893,0.1558132548601,Arterial,Spine_vs_Laparoscopic,up,718,Arterial · Spine / Laparoscopic · higher in 1st
KEGG_MAPK_SIGNALING_PATHWAY,KEGG,39,191,1136,7481,1.448406145601949,0.029609175151024975,0.17883941791219085,Arterial,Spine_vs_Laparoscopic,up,718,Arterial · Spine / Laparoscopic · higher in 1st
HALLMARK_INFLAMMATORY_RESPONSE,Hallmark,33,158,1136,7481,1.4886462415364952,0.03208979697344199,0.18636766703806693,Arterial,Spine_vs_Laparoscopic,up,718,Arterial · Spine / Laparoscopic · higher in 1st
KEGG_PRIMARY_IMMUNODEFICIENCY,KEGG,8,26,1136,7481,2.4926290096034456,0.03399100172146313,0.19009782444225679,Arterial,Spine_vs_Laparoscopic,up,718,Arterial · Spine / Laparoscopic · higher in 1st
KEGG_MELANOMA,KEGG,17,74,1136,7481,1.6757904891255104,0.0487983823327103,0.26316270472283054,Arterial,Spine_vs_Laparoscopic,up,718,Arterial · Spine / Laparoscopic · higher in 1st
HALLMARK_ANGIOGENESIS,Hallmark,8,41,539,7481,3.1534643890109666,0.007906780825979098,0.5139407536886413,Venous,Laparoscopic_vs_HeadNeck,up,228,Venous · Laparoscopic / Head-Neck · higher in 1st
KEGG_PPAR_SIGNALING_PATHWAY,KEGG,7,43,539,7481,2.5236570790614454,0.03237849446406324,0.9797291217026974,Venous,Laparoscopic_vs_HeadNeck,up,228,Venous · Laparoscopic / Head-Neck · higher in 1st
KEGG_STEROID_BIOSYNTHESIS,KEGG,4,5,622,7481,44.37576113377528,2.2117389414780492e-4,0.024550302250406345,Venous,Spine_vs_HeadNeck,down,311,Venous · Spine / Head-Neck · higher in 2nd
KEGG_B_CELL_RECEPTOR_SIGNALING_PATHWAY,KEGG,14,65,622,7481,3.0730642825511185,7.372538898672699e-4,0.040917590887633484,Venous,Spine_vs_HeadNeck,down,311,Venous · Spine / Head-Neck · higher in 2nd
KEGG_ENDOMETRIAL_CANCER,KEGG,11,47,622,7481,3.4112025380619633,0.0013085236960576265,0.04841537675413218,Venous,Spine_vs_HeadNeck,down,311,Venous · Spine / Head-Neck · higher in 2nd
KEGG_NON_SMALL_CELL_LUNG_CANCER,KEGG,9,39,622,7481,3.3412098929448315,0.003926096235937072,0.10069033038934247,Venous,Spine_vs_HeadNeck,down,311,Venous · Spine / Head-Neck · higher in 2nd
KEGG_FC_EPSILON_RI_SIGNALING_PATHWAY,KEGG,13,70,622,7481,2.5468842570594394,0.0045356004679884,0.10069033038934247,Venous,Spine_vs_HeadNeck,down,311,Venous · Spine / Head-Neck · higher in 2nd
KEGG_PROSTATE_CANCER,KEGG,13,76,622,7481,2.3022934037441365,0.009220354453135477,0.17057655738300634,Venous,Spine_vs_HeadNeck,down,311,Venous · Spine / Head-Neck · higher in 2nd
KEGG_GAP_JUNCTION,KEGG,8,40,622,7481,2.779090957363945,0.015478804023481372,0.24544960665806176,Venous,Spine_vs_HeadNeck,down,311,Venous · Spine / Head-Neck · higher in 2nd
KEGG_PANCREATIC_CANCER,KEGG,10,62,622,7481,2.1386561648745035,0.030600133502501986,0.42218638375673667,Venous,Spine_vs_HeadNeck,down,311,Venous · Spine / Head-Neck · higher in 2nd
KEGG_CHEMOKINE_SIGNALING_PATHWAY,KEGG,18,137,622,7481,1.687755112646262,0.0342786318166402,0.42218638375673667,Venous,Spine_vs_HeadNeck,down,311,Venous · Spine / Head-Neck · higher in 2nd
KEGG_ADIPOCYTOKINE_SIGNALING_PATHWAY,KEGG,8,47,622,7481,2.2780858318823265,0.038034809347453756,0.42218638375673667,Venous,Spine_vs_HeadNeck,down,311,Venous · Spine / Head-Neck · higher in 2nd
KEGG_GLIOMA,KEGG,8,49,622,7481,2.1664686154047432,0.04720985626757814,0.46212644361481364,Venous,Spine_vs_HeadNeck,down,311,Venous · Spine / Head-Neck · higher in 2nd
KEGG_VASCULAR_SMOOTH_MUSCLE_CONTRACTION,KEGG,7,41,622,7481,2.284409315147524,0.0499596155259258,0.46212644361481364,Venous,Spine_vs_HeadNeck,down,311,Venous · Spine / Head-Neck · higher in 2nd
KEGG_PRION_DISEASES,KEGG,11,39,388,7481,7.358598473426626,2.8500026341908897e-6,6.270005795219958e-5,Venous,Spine_vs_HeadNeck,up,101,Venous · Spine / Head-Neck · higher in 1st
KEGG_SPLICEOSOME,KEGG,10,65,388,7481,3.384311121780041,0.0017345323415478532,0.019079855757026386,Venous,Spine_vs_HeadNeck,up,101,Venous · Spine / Head-Neck · higher in 1st
KEGG_ANTIGEN_PROCESSING_AND_PRESENTATION,KEGG,10,78,388,7481,2.732462394725032,0.006708295389772717,0.039874261185301914,Venous,Spine_vs_HeadNeck,up,101,Venous · Spine / Head-Neck · higher in 1st
HALLMARK_MYOGENESIS,Hallmark,14,130,388,7481,2.2511749356466426,0.007249865670054894,0.039874261185301914,Venous,Spine_vs_HeadNeck,up,101,Venous · Spine / Head-Neck · higher in 1st
KEGG_ENDOCYTOSIS,KEGG,12,125,388,7481,1.971150065686699,0.028349253109174057,0.12473671368036586,Venous,Spine_vs_HeadNeck,up,101,Venous · Spine / Head-Neck · higher in 1st
KEGG_GLYCOSAMINOGLYCAN_DEGRADATION,KEGG,3,17,367,7481,4.17830170236951,0.04773962727578239,0.8864036609695177,Venous,Spine_vs_Laparoscopic,up,82,Venous · Spine / Laparoscopic · higher in 1st
